Specimen Collection Date,Age Group,New Confirmed Cases,Cumulative Confirmed Cases,Last Updated at
2020/03/12,51-60,2,6,10/20/2020 02:15:01 PM
2020/03/13,51-60,3,9,10/20/2020 02:15:01 PM
2020/03/14,51-60,1,10,10/20/2020 02:15:01 PM
2020/03/15,51-60,0,10,10/20/2020 02:15:01 PM
2020/03/16,51-60,8,18,10/20/2020 02:15:01 PM
2020/03/17,51-60,3,21,10/20/2020 02:15:01 PM
2020/03/18,51-60,4,25,10/20/2020 02:15:01 PM
2020/03/19,51-60,3,28,10/20/2020 02:15:01 PM
2020/03/20,51-60,4,32,10/20/2020 02:15:01 PM
2020/03/21,51-60,7,39,10/20/2020 02:15:01 PM
2020/03/22,51-60,5,44,10/20/2020 02:15:01 PM
2020/03/23,51-60,7,51,10/20/2020 02:15:01 PM
2020/03/24,51-60,6,57,10/20/2020 02:15:01 PM
2020/03/25,51-60,5,62,10/20/2020 02:15:01 PM
2020/03/26,51-60,9,71,10/20/2020 02:15:01 PM
2020/03/27,51-60,4,75,10/20/2020 02:15:01 PM
2020/03/28,51-60,6,81,10/20/2020 02:15:01 PM
2020/03/29,51-60,0,81,10/20/2020 02:15:01 PM
2020/03/30,51-60,6,87,10/20/2020 02:15:01 PM
2020/03/31,51-60,9,96,10/20/2020 02:15:01 PM
2020/04/01,51-60,5,101,10/20/2020 02:15:01 PM
2020/04/02,51-60,3,104,10/20/2020 02:15:01 PM
2020/04/03,51-60,5,109,10/20/2020 02:15:01 PM
2020/04/04,51-60,2,111,10/20/2020 02:15:01 PM
2020/04/05,51-60,4,115,10/20/2020 02:15:01 PM
2020/04/06,51-60,6,121,10/20/2020 02:15:01 PM
2020/04/07,51-60,5,126,10/20/2020 02:15:01 PM
2020/04/08,51-60,14,140,10/20/2020 02:15:01 PM
2020/04/09,51-60,16,156,10/20/2020 02:15:01 PM
2020/04/10,51-60,7,163,10/20/2020 02:15:01 PM
2020/04/11,51-60,3,166,10/20/2020 02:15:01 PM
2020/04/12,51-60,5,171,10/20/2020 02:15:01 PM
2020/04/13,51-60,3,174,10/20/2020 02:15:01 PM
2020/04/14,51-60,9,183,10/20/2020 02:15:01 PM
2020/04/15,51-60,3,186,10/20/2020 02:15:01 PM
2020/04/16,51-60,5,191,10/20/2020 02:15:01 PM
2020/04/17,51-60,6,197,10/20/2020 02:15:01 PM
2020/04/18,51-60,1,198,10/20/2020 02:15:01 PM
2020/04/19,51-60,9,207,10/20/2020 02:15:01 PM
2020/04/20,51-60,9,216,10/20/2020 02:15:01 PM
2020/04/21,51-60,5,221,10/20/2020 02:15:01 PM
2020/04/22,51-60,4,225,10/20/2020 02:15:01 PM
2020/04/23,51-60,5,230,10/20/2020 02:15:01 PM
2020/04/24,51-60,7,237,10/20/2020 02:15:01 PM
2020/04/25,51-60,5,242,10/20/2020 02:15:01 PM
2020/04/26,51-60,5,247,10/20/2020 02:15:01 PM
2020/04/27,51-60,3,250,10/20/2020 02:15:01 PM
2020/04/28,51-60,9,259,10/20/2020 02:15:01 PM
2020/04/29,51-60,6,265,10/20/2020 02:15:01 PM
2020/04/30,51-60,4,269,10/20/2020 02:15:01 PM
2020/05/01,51-60,5,274,10/20/2020 02:15:01 PM
2020/05/02,51-60,2,276,10/20/2020 02:15:01 PM
2020/05/03,51-60,3,279,10/20/2020 02:15:01 PM
2020/05/04,51-60,0,279,10/20/2020 02:15:01 PM
2020/05/05,51-60,6,285,10/20/2020 02:15:01 PM
2020/05/06,51-60,8,293,10/20/2020 02:15:01 PM
2020/05/07,51-60,5,298,10/20/2020 02:15:01 PM
2020/05/08,51-60,1,299,10/20/2020 02:15:01 PM
2020/05/09,51-60,1,300,10/20/2020 02:15:01 PM
2020/05/10,51-60,0,300,10/20/2020 02:15:01 PM
2020/05/11,51-60,7,307,10/20/2020 02:15:01 PM
2020/05/12,51-60,9,316,10/20/2020 02:15:01 PM
2020/05/13,51-60,5,321,10/20/2020 02:15:01 PM
2020/05/14,51-60,3,324,10/20/2020 02:15:01 PM
2020/05/15,51-60,1,325,10/20/2020 02:15:01 PM
2020/05/16,51-60,1,326,10/20/2020 02:15:01 PM
2020/05/17,51-60,0,326,10/20/2020 02:15:01 PM
2020/05/18,51-60,5,331,10/20/2020 02:15:01 PM
2020/05/19,51-60,2,333,10/20/2020 02:15:01 PM
2020/05/20,51-60,3,336,10/20/2020 02:15:01 PM
2020/05/21,51-60,3,339,10/20/2020 02:15:01 PM
2020/05/22,51-60,3,342,10/20/2020 02:15:01 PM
2020/05/23,51-60,2,344,10/20/2020 02:15:01 PM
2020/05/24,51-60,1,345,10/20/2020 02:15:01 PM
2020/05/25,51-60,1,346,10/20/2020 02:15:01 PM
2020/05/26,51-60,5,351,10/20/2020 02:15:01 PM
2020/05/27,51-60,3,354,10/20/2020 02:15:01 PM
2020/05/28,51-60,2,356,10/20/2020 02:15:01 PM
2020/05/29,51-60,2,358,10/20/2020 02:15:01 PM
2020/05/30,51-60,0,358,10/20/2020 02:15:01 PM
2020/05/31,51-60,1,359,10/20/2020 02:15:01 PM
2020/06/01,51-60,2,361,10/20/2020 02:15:01 PM
2020/06/02,51-60,5,366,10/20/2020 02:15:01 PM
2020/06/03,51-60,2,368,10/20/2020 02:15:01 PM
2020/06/04,51-60,8,376,10/20/2020 02:15:01 PM
2020/06/05,51-60,2,378,10/20/2020 02:15:01 PM
2020/06/06,51-60,1,379,10/20/2020 02:15:01 PM
2020/06/07,51-60,0,379,10/20/2020 02:15:01 PM
2020/06/08,51-60,2,381,10/20/2020 02:15:01 PM
2020/06/09,51-60,5,386,10/20/2020 02:15:01 PM
2020/06/10,51-60,1,387,10/20/2020 02:15:01 PM
2020/06/11,51-60,3,390,10/20/2020 02:15:01 PM
2020/06/12,51-60,1,391,10/20/2020 02:15:01 PM
2020/06/13,51-60,1,392,10/20/2020 02:15:01 PM
2020/06/14,51-60,1,393,10/20/2020 02:15:01 PM
2020/06/15,51-60,2,395,10/20/2020 02:15:01 PM
2020/06/16,51-60,1,396,10/20/2020 02:15:01 PM
2020/06/17,51-60,2,398,10/20/2020 02:15:01 PM
2020/06/18,51-60,5,403,10/20/2020 02:15:01 PM
2020/06/19,51-60,2,405,10/20/2020 02:15:01 PM
2020/06/20,51-60,4,409,10/20/2020 02:15:01 PM
2020/06/21,51-60,1,410,10/20/2020 02:15:01 PM
2020/06/22,51-60,17,427,10/20/2020 02:15:01 PM
2020/06/23,51-60,5,432,10/20/2020 02:15:01 PM
2020/06/24,51-60,2,434,10/20/2020 02:15:01 PM
2020/06/25,51-60,10,444,10/20/2020 02:15:01 PM
2020/06/26,51-60,6,450,10/20/2020 02:15:01 PM
2020/06/27,51-60,4,454,10/20/2020 02:15:01 PM
2020/06/28,51-60,7,461,10/20/2020 02:15:01 PM
2020/06/29,51-60,4,465,10/20/2020 02:15:01 PM
2020/06/30,51-60,6,471,10/20/2020 02:15:01 PM
2020/07/01,51-60,9,480,10/20/2020 02:15:01 PM
2020/07/02,51-60,10,490,10/20/2020 02:15:01 PM
2020/07/03,51-60,6,496,10/20/2020 02:15:01 PM
2020/07/04,51-60,9,505,10/20/2020 02:15:01 PM
2020/07/05,51-60,5,510,10/20/2020 02:15:01 PM
2020/07/06,51-60,14,524,10/20/2020 02:15:01 PM
2020/07/07,51-60,10,534,10/20/2020 02:15:01 PM
2020/07/08,51-60,13,547,10/20/2020 02:15:01 PM
2020/07/09,51-60,16,563,10/20/2020 02:15:01 PM
2020/07/10,51-60,12,575,10/20/2020 02:15:01 PM
2020/07/11,51-60,2,577,10/20/2020 02:15:01 PM
2020/07/12,51-60,8,585,10/20/2020 02:15:01 PM
2020/07/13,51-60,8,593,10/20/2020 02:15:01 PM
2020/07/14,51-60,12,605,10/20/2020 02:15:01 PM
2020/07/15,51-60,14,619,10/20/2020 02:15:01 PM
2020/07/16,51-60,18,637,10/20/2020 02:15:01 PM
2020/07/17,51-60,15,652,10/20/2020 02:15:01 PM
2020/07/18,51-60,9,661,10/20/2020 02:15:01 PM
2020/07/19,51-60,13,674,10/20/2020 02:15:01 PM
2020/07/20,51-60,18,692,10/20/2020 02:15:01 PM
2020/07/21,51-60,11,703,10/20/2020 02:15:01 PM
2020/07/22,51-60,16,719,10/20/2020 02:15:01 PM
2020/07/23,51-60,7,726,10/20/2020 02:15:01 PM
2020/07/24,51-60,20,746,10/20/2020 02:15:01 PM
2020/07/25,51-60,8,754,10/20/2020 02:15:01 PM
2020/07/26,51-60,6,760,10/20/2020 02:15:01 PM
2020/07/27,51-60,8,768,10/20/2020 02:15:01 PM
2020/07/28,51-60,17,785,10/20/2020 02:15:01 PM
2020/07/29,51-60,17,802,10/20/2020 02:15:01 PM
2020/07/30,51-60,18,820,10/20/2020 02:15:01 PM
2020/07/31,51-60,15,835,10/20/2020 02:15:01 PM
2020/08/01,51-60,4,839,10/20/2020 02:15:01 PM
2020/08/02,51-60,2,841,10/20/2020 02:15:01 PM
2020/08/03,51-60,11,852,10/20/2020 02:15:01 PM
2020/08/04,51-60,7,859,10/20/2020 02:15:01 PM
2020/08/05,51-60,16,875,10/20/2020 02:15:01 PM
2020/08/06,51-60,12,887,10/20/2020 02:15:01 PM
2020/08/07,51-60,13,900,10/20/2020 02:15:01 PM
2020/08/08,51-60,4,904,10/20/2020 02:15:01 PM
2020/08/09,51-60,8,912,10/20/2020 02:15:01 PM
2020/08/10,51-60,13,925,10/20/2020 02:15:01 PM
2020/08/11,51-60,13,938,10/20/2020 02:15:01 PM
2020/08/12,51-60,15,953,10/20/2020 02:15:01 PM
2020/08/13,51-60,9,962,10/20/2020 02:15:01 PM
2020/08/14,51-60,11,973,10/20/2020 02:15:01 PM
2020/08/15,51-60,8,981,10/20/2020 02:15:01 PM
2020/08/16,51-60,7,988,10/20/2020 02:15:01 PM
2020/08/17,51-60,8,996,10/20/2020 02:15:01 PM
2020/08/18,51-60,10,1006,10/20/2020 02:15:01 PM
2020/08/19,51-60,13,1019,10/20/2020 02:15:01 PM
2020/08/20,51-60,9,1028,10/20/2020 02:15:01 PM
2020/08/21,51-60,6,1034,10/20/2020 02:15:01 PM
2020/08/22,51-60,5,1039,10/20/2020 02:15:01 PM
2020/08/23,51-60,5,1044,10/20/2020 02:15:01 PM
2020/08/24,51-60,10,1054,10/20/2020 02:15:01 PM
2020/08/25,51-60,10,1064,10/20/2020 02:15:01 PM
2020/08/26,51-60,9,1073,10/20/2020 02:15:01 PM
2020/08/27,51-60,7,1080,10/20/2020 02:15:01 PM
2020/08/28,51-60,5,1085,10/20/2020 02:15:01 PM
2020/08/29,51-60,4,1089,10/20/2020 02:15:01 PM
2020/08/30,51-60,3,1092,10/20/2020 02:15:01 PM
2020/08/31,51-60,13,1105,10/20/2020 02:15:01 PM
2020/09/01,51-60,12,1117,10/20/2020 02:15:01 PM
2020/09/02,51-60,10,1127,10/20/2020 02:15:01 PM
2020/09/03,51-60,4,1131,10/20/2020 02:15:01 PM
2020/09/04,51-60,8,1139,10/20/2020 02:15:01 PM
2020/09/05,51-60,4,1143,10/20/2020 02:15:01 PM
2020/09/06,51-60,4,1147,10/20/2020 02:15:01 PM
2020/09/07,51-60,3,1150,10/20/2020 02:15:01 PM
2020/09/08,51-60,9,1159,10/20/2020 02:15:01 PM
2020/09/09,51-60,3,1162,10/20/2020 02:15:01 PM
2020/09/10,51-60,6,1168,10/20/2020 02:15:01 PM
2020/09/11,51-60,16,1184,10/20/2020 02:15:01 PM
2020/09/12,51-60,6,1190,10/20/2020 02:15:01 PM
2020/09/13,51-60,6,1196,10/20/2020 02:15:01 PM
2020/09/14,51-60,11,1207,10/20/2020 02:15:01 PM
2020/09/15,51-60,10,1217,10/20/2020 02:15:01 PM
2020/09/16,51-60,8,1225,10/20/2020 02:15:01 PM
2020/09/17,51-60,7,1232,10/20/2020 02:15:01 PM
2020/09/18,51-60,6,1238,10/20/2020 02:15:01 PM
2020/09/19,51-60,5,1243,10/20/2020 02:15:01 PM
2020/09/20,51-60,4,1247,10/20/2020 02:15:01 PM
2020/09/21,51-60,11,1258,10/20/2020 02:15:01 PM
2020/09/22,51-60,8,1266,10/20/2020 02:15:01 PM
2020/09/23,51-60,6,1272,10/20/2020 02:15:01 PM
2020/09/24,51-60,4,1276,10/20/2020 02:15:01 PM
2020/09/25,51-60,5,1281,10/20/2020 02:15:01 PM
2020/09/26,51-60,1,1282,10/20/2020 02:15:01 PM
2020/09/27,51-60,6,1288,10/20/2020 02:15:01 PM
2020/09/28,51-60,7,1295,10/20/2020 02:15:01 PM
2020/09/29,51-60,5,1300,10/20/2020 02:15:01 PM
2020/09/30,51-60,6,1306,10/20/2020 02:15:01 PM
2020/10/01,51-60,3,1309,10/20/2020 02:15:01 PM
2020/10/02,51-60,2,1311,10/20/2020 02:15:01 PM
2020/10/03,51-60,2,1313,10/20/2020 02:15:01 PM
2020/10/04,51-60,1,1314,10/20/2020 02:15:01 PM
2020/10/05,51-60,3,1317,10/20/2020 02:15:01 PM
2020/10/06,51-60,1,1318,10/20/2020 02:15:01 PM
2020/10/07,51-60,2,1320,10/20/2020 02:15:01 PM
2020/10/08,51-60,2,1322,10/20/2020 02:15:01 PM
2020/10/09,51-60,1,1323,10/20/2020 02:15:01 PM
2020/10/10,51-60,3,1326,10/20/2020 02:15:01 PM
2020/10/11,51-60,2,1328,10/20/2020 02:15:01 PM
2020/10/12,51-60,4,1332,10/20/2020 02:15:01 PM
2020/10/13,51-60,6,1338,10/20/2020 02:15:01 PM
2020/10/14,51-60,2,1340,10/20/2020 02:15:01 PM
2020/10/15,51-60,6,1346,10/20/2020 02:15:01 PM
2020/10/16,51-60,2,1348,10/20/2020 02:15:01 PM
2020/10/17,51-60,3,1351,10/20/2020 02:15:01 PM
2020/10/18,51-60,4,1355,10/20/2020 02:15:01 PM
2020/10/19,51-60,0,1355,10/20/2020 02:15:01 PM
2020/03/15,71-80,3,6,10/20/2020 02:15:01 PM
2020/03/16,71-80,2,8,10/20/2020 02:15:01 PM
2020/03/17,71-80,1,9,10/20/2020 02:15:01 PM
2020/03/18,71-80,1,10,10/20/2020 02:15:01 PM
2020/03/19,71-80,2,12,10/20/2020 02:15:01 PM
2020/03/20,71-80,2,14,10/20/2020 02:15:01 PM
2020/03/21,71-80,1,15,10/20/2020 02:15:01 PM
2020/03/22,71-80,0,15,10/20/2020 02:15:01 PM
2020/03/23,71-80,3,18,10/20/2020 02:15:01 PM
2020/03/24,71-80,2,20,10/20/2020 02:15:01 PM
2020/03/25,71-80,3,23,10/20/2020 02:15:01 PM
2020/03/26,71-80,3,26,10/20/2020 02:15:01 PM
2020/03/27,71-80,2,28,10/20/2020 02:15:01 PM
2020/03/28,71-80,0,28,10/20/2020 02:15:01 PM
2020/03/29,71-80,4,32,10/20/2020 02:15:01 PM
2020/03/30,71-80,2,34,10/20/2020 02:15:01 PM
2020/03/31,71-80,3,37,10/20/2020 02:15:01 PM
2020/04/01,71-80,3,40,10/20/2020 02:15:01 PM
2020/04/02,71-80,3,43,10/20/2020 02:15:01 PM
2020/04/03,71-80,3,46,10/20/2020 02:15:01 PM
2020/04/04,71-80,0,46,10/20/2020 02:15:01 PM
2020/04/05,71-80,3,49,10/20/2020 02:15:01 PM
2020/04/06,71-80,3,52,10/20/2020 02:15:01 PM
2020/04/07,71-80,5,57,10/20/2020 02:15:01 PM
2020/04/08,71-80,4,61,10/20/2020 02:15:01 PM
2020/04/09,71-80,2,63,10/20/2020 02:15:01 PM
2020/04/10,71-80,1,64,10/20/2020 02:15:01 PM
2020/04/11,71-80,1,65,10/20/2020 02:15:01 PM
2020/04/12,71-80,3,68,10/20/2020 02:15:01 PM
2020/04/13,71-80,2,70,10/20/2020 02:15:01 PM
2020/04/14,71-80,3,73,10/20/2020 02:15:01 PM
2020/04/15,71-80,6,79,10/20/2020 02:15:01 PM
2020/04/16,71-80,0,79,10/20/2020 02:15:01 PM
2020/04/17,71-80,4,83,10/20/2020 02:15:01 PM
2020/04/18,71-80,0,83,10/20/2020 02:15:01 PM
2020/04/19,71-80,0,83,10/20/2020 02:15:01 PM
2020/04/20,71-80,1,84,10/20/2020 02:15:01 PM
2020/04/21,71-80,0,84,10/20/2020 02:15:01 PM
2020/04/22,71-80,1,85,10/20/2020 02:15:01 PM
2020/04/23,71-80,8,93,10/20/2020 02:15:01 PM
2020/04/24,71-80,5,98,10/20/2020 02:15:01 PM
2020/04/25,71-80,9,107,10/20/2020 02:15:01 PM
2020/04/26,71-80,1,108,10/20/2020 02:15:01 PM
2020/04/27,71-80,3,111,10/20/2020 02:15:01 PM
2020/04/28,71-80,4,115,10/20/2020 02:15:01 PM
2020/04/29,71-80,2,117,10/20/2020 02:15:01 PM
2020/04/30,71-80,3,120,10/20/2020 02:15:01 PM
2020/05/01,71-80,1,121,10/20/2020 02:15:01 PM
2020/05/02,71-80,0,121,10/20/2020 02:15:01 PM
2020/05/03,71-80,0,121,10/20/2020 02:15:01 PM
2020/05/04,71-80,0,121,10/20/2020 02:15:01 PM
2020/05/05,71-80,0,121,10/20/2020 02:15:01 PM
2020/05/06,71-80,0,121,10/20/2020 02:15:01 PM
2020/05/07,71-80,0,121,10/20/2020 02:15:01 PM
2020/05/08,71-80,0,121,10/20/2020 02:15:01 PM
2020/05/09,71-80,0,121,10/20/2020 02:15:01 PM
2020/05/10,71-80,0,121,10/20/2020 02:15:01 PM
2020/05/11,71-80,1,122,10/20/2020 02:15:01 PM
2020/05/12,71-80,6,128,10/20/2020 02:15:01 PM
2020/05/13,71-80,0,128,10/20/2020 02:15:01 PM
2020/05/14,71-80,1,129,10/20/2020 02:15:01 PM
2020/05/15,71-80,1,130,10/20/2020 02:15:01 PM
2020/05/16,71-80,0,130,10/20/2020 02:15:01 PM
2020/05/17,71-80,2,132,10/20/2020 02:15:01 PM
2020/05/18,71-80,2,134,10/20/2020 02:15:01 PM
2020/05/19,71-80,1,135,10/20/2020 02:15:01 PM
2020/05/20,71-80,0,135,10/20/2020 02:15:01 PM
2020/05/21,71-80,0,135,10/20/2020 02:15:01 PM
2020/05/22,71-80,1,136,10/20/2020 02:15:01 PM
2020/05/23,71-80,0,136,10/20/2020 02:15:01 PM
2020/05/24,71-80,1,137,10/20/2020 02:15:01 PM
2020/05/25,71-80,0,137,10/20/2020 02:15:01 PM
2020/05/26,71-80,2,139,10/20/2020 02:15:01 PM
2020/05/27,71-80,3,142,10/20/2020 02:15:01 PM
2020/05/28,71-80,0,142,10/20/2020 02:15:01 PM
2020/05/29,71-80,1,143,10/20/2020 02:15:01 PM
2020/05/30,71-80,0,143,10/20/2020 02:15:01 PM
2020/05/31,71-80,1,144,10/20/2020 02:15:01 PM
2020/06/01,71-80,3,147,10/20/2020 02:15:01 PM
2020/06/02,71-80,1,148,10/20/2020 02:15:01 PM
2020/06/03,71-80,2,150,10/20/2020 02:15:01 PM
2020/06/04,71-80,1,151,10/20/2020 02:15:01 PM
2020/06/05,71-80,1,152,10/20/2020 02:15:01 PM
2020/06/06,71-80,1,153,10/20/2020 02:15:01 PM
2020/06/07,71-80,0,153,10/20/2020 02:15:01 PM
2020/06/08,71-80,2,155,10/20/2020 02:15:01 PM
2020/06/09,71-80,2,157,10/20/2020 02:15:01 PM
2020/06/10,71-80,0,157,10/20/2020 02:15:01 PM
2020/06/11,71-80,0,157,10/20/2020 02:15:01 PM
2020/06/12,71-80,0,157,10/20/2020 02:15:01 PM
2020/06/13,71-80,0,157,10/20/2020 02:15:01 PM
2020/06/14,71-80,0,157,10/20/2020 02:15:01 PM
2020/06/15,71-80,0,157,10/20/2020 02:15:01 PM
2020/06/16,71-80,2,159,10/20/2020 02:15:01 PM
2020/06/17,71-80,2,161,10/20/2020 02:15:01 PM
2020/06/18,71-80,1,162,10/20/2020 02:15:01 PM
2020/06/19,71-80,2,164,10/20/2020 02:15:01 PM
2020/06/20,71-80,0,164,10/20/2020 02:15:01 PM
2020/06/21,71-80,0,164,10/20/2020 02:15:01 PM
2020/06/22,71-80,5,169,10/20/2020 02:15:01 PM
2020/06/23,71-80,3,172,10/20/2020 02:15:01 PM
2020/06/24,71-80,1,173,10/20/2020 02:15:01 PM
2020/06/25,71-80,4,177,10/20/2020 02:15:01 PM
2020/06/26,71-80,4,181,10/20/2020 02:15:01 PM
2020/06/27,71-80,1,182,10/20/2020 02:15:01 PM
2020/06/28,71-80,1,183,10/20/2020 02:15:01 PM
2020/06/29,71-80,3,186,10/20/2020 02:15:01 PM
2020/06/30,71-80,3,189,10/20/2020 02:15:01 PM
2020/07/01,71-80,0,189,10/20/2020 02:15:01 PM
2020/07/02,71-80,0,189,10/20/2020 02:15:01 PM
2020/07/03,71-80,1,190,10/20/2020 02:15:01 PM
2020/07/04,71-80,0,190,10/20/2020 02:15:01 PM
2020/07/05,71-80,0,190,10/20/2020 02:15:01 PM
2020/07/06,71-80,2,192,10/20/2020 02:15:01 PM
2020/07/07,71-80,0,192,10/20/2020 02:15:01 PM
2020/07/08,71-80,6,198,10/20/2020 02:15:01 PM
2020/07/09,71-80,2,200,10/20/2020 02:15:01 PM
2020/07/10,71-80,1,201,10/20/2020 02:15:01 PM
2020/07/11,71-80,1,202,10/20/2020 02:15:01 PM
2020/07/12,71-80,2,204,10/20/2020 02:15:01 PM
2020/07/13,71-80,1,205,10/20/2020 02:15:01 PM
2020/07/14,71-80,1,206,10/20/2020 02:15:01 PM
2020/07/15,71-80,2,208,10/20/2020 02:15:01 PM
2020/07/16,71-80,3,211,10/20/2020 02:15:01 PM
2020/07/17,71-80,2,213,10/20/2020 02:15:01 PM
2020/07/18,71-80,2,215,10/20/2020 02:15:01 PM
2020/07/19,71-80,1,216,10/20/2020 02:15:01 PM
2020/07/20,71-80,3,219,10/20/2020 02:15:01 PM
2020/07/21,71-80,1,220,10/20/2020 02:15:01 PM
2020/07/22,71-80,4,224,10/20/2020 02:15:01 PM
2020/07/23,71-80,2,226,10/20/2020 02:15:01 PM
2020/07/24,71-80,3,229,10/20/2020 02:15:01 PM
2020/07/25,71-80,3,232,10/20/2020 02:15:01 PM
2020/07/26,71-80,1,233,10/20/2020 02:15:01 PM
2020/07/27,71-80,0,233,10/20/2020 02:15:01 PM
2020/07/28,71-80,6,239,10/20/2020 02:15:01 PM
2020/07/29,71-80,2,241,10/20/2020 02:15:01 PM
2020/07/30,71-80,2,243,10/20/2020 02:15:01 PM
2020/07/31,71-80,2,245,10/20/2020 02:15:01 PM
2020/08/01,71-80,5,250,10/20/2020 02:15:01 PM
2020/08/02,71-80,3,253,10/20/2020 02:15:01 PM
2020/08/03,71-80,5,258,10/20/2020 02:15:01 PM
2020/08/04,71-80,1,259,10/20/2020 02:15:01 PM
2020/08/05,71-80,1,260,10/20/2020 02:15:01 PM
2020/08/06,71-80,5,265,10/20/2020 02:15:01 PM
2020/08/07,71-80,7,272,10/20/2020 02:15:01 PM
2020/08/08,71-80,2,274,10/20/2020 02:15:01 PM
2020/08/09,71-80,1,275,10/20/2020 02:15:01 PM
2020/08/10,71-80,4,279,10/20/2020 02:15:01 PM
2020/08/11,71-80,1,280,10/20/2020 02:15:01 PM
2020/08/12,71-80,6,286,10/20/2020 02:15:01 PM
2020/08/13,71-80,3,289,10/20/2020 02:15:01 PM
2020/08/14,71-80,3,292,10/20/2020 02:15:01 PM
2020/08/15,71-80,3,295,10/20/2020 02:15:01 PM
2020/08/16,71-80,1,296,10/20/2020 02:15:01 PM
2020/08/17,71-80,0,296,10/20/2020 02:15:01 PM
2020/08/18,71-80,2,298,10/20/2020 02:15:01 PM
2020/08/19,71-80,4,302,10/20/2020 02:15:01 PM
2020/08/20,71-80,3,305,10/20/2020 02:15:01 PM
2020/08/21,71-80,6,311,10/20/2020 02:15:01 PM
2020/08/22,71-80,0,311,10/20/2020 02:15:01 PM
2020/08/23,71-80,1,312,10/20/2020 02:15:01 PM
2020/08/24,71-80,3,315,10/20/2020 02:15:01 PM
2020/08/25,71-80,6,321,10/20/2020 02:15:01 PM
2020/08/26,71-80,1,322,10/20/2020 02:15:01 PM
2020/08/27,71-80,3,325,10/20/2020 02:15:01 PM
2020/08/28,71-80,2,327,10/20/2020 02:15:01 PM
2020/08/29,71-80,2,329,10/20/2020 02:15:01 PM
2020/08/30,71-80,1,330,10/20/2020 02:15:01 PM
2020/08/31,71-80,0,330,10/20/2020 02:15:01 PM
2020/09/01,71-80,3,333,10/20/2020 02:15:01 PM
2020/09/02,71-80,4,337,10/20/2020 02:15:01 PM
2020/09/03,71-80,4,341,10/20/2020 02:15:01 PM
2020/09/04,71-80,1,342,10/20/2020 02:15:01 PM
2020/09/05,71-80,3,345,10/20/2020 02:15:01 PM
2020/09/06,71-80,0,345,10/20/2020 02:15:01 PM
2020/09/07,71-80,5,350,10/20/2020 02:15:01 PM
2020/09/08,71-80,4,354,10/20/2020 02:15:01 PM
2020/09/09,71-80,6,360,10/20/2020 02:15:01 PM
2020/09/10,71-80,3,363,10/20/2020 02:15:01 PM
2020/09/11,71-80,7,370,10/20/2020 02:15:01 PM
2020/09/12,71-80,5,375,10/20/2020 02:15:01 PM
2020/09/13,71-80,1,376,10/20/2020 02:15:01 PM
2020/09/14,71-80,1,377,10/20/2020 02:15:01 PM
2020/09/15,71-80,4,381,10/20/2020 02:15:01 PM
2020/09/16,71-80,3,384,10/20/2020 02:15:01 PM
2020/09/17,71-80,1,385,10/20/2020 02:15:01 PM
2020/09/18,71-80,1,386,10/20/2020 02:15:01 PM
2020/09/19,71-80,1,387,10/20/2020 02:15:01 PM
2020/09/20,71-80,0,387,10/20/2020 02:15:01 PM
2020/09/21,71-80,1,388,10/20/2020 02:15:01 PM
2020/09/22,71-80,1,389,10/20/2020 02:15:01 PM
2020/09/23,71-80,3,392,10/20/2020 02:15:01 PM
2020/09/24,71-80,2,394,10/20/2020 02:15:01 PM
2020/09/25,71-80,2,396,10/20/2020 02:15:01 PM
2020/09/26,71-80,2,398,10/20/2020 02:15:01 PM
2020/09/27,71-80,1,399,10/20/2020 02:15:01 PM
2020/09/28,71-80,2,401,10/20/2020 02:15:01 PM
2020/09/29,71-80,1,402,10/20/2020 02:15:01 PM
2020/09/30,71-80,3,405,10/20/2020 02:15:01 PM
2020/10/01,71-80,0,405,10/20/2020 02:15:01 PM
2020/10/02,71-80,2,407,10/20/2020 02:15:01 PM
2020/10/03,71-80,0,407,10/20/2020 02:15:01 PM
2020/10/04,71-80,1,408,10/20/2020 02:15:01 PM
2020/10/05,71-80,1,409,10/20/2020 02:15:01 PM
2020/10/06,71-80,2,411,10/20/2020 02:15:01 PM
2020/10/07,71-80,0,411,10/20/2020 02:15:01 PM
2020/10/08,71-80,1,412,10/20/2020 02:15:01 PM
2020/10/09,71-80,1,413,10/20/2020 02:15:01 PM
2020/10/10,71-80,1,414,10/20/2020 02:15:01 PM
2020/10/11,71-80,0,414,10/20/2020 02:15:01 PM
2020/10/12,71-80,2,416,10/20/2020 02:15:01 PM
2020/10/13,71-80,0,416,10/20/2020 02:15:01 PM
2020/10/14,71-80,1,417,10/20/2020 02:15:01 PM
2020/10/15,71-80,0,417,10/20/2020 02:15:01 PM
2020/10/16,71-80,2,419,10/20/2020 02:15:01 PM
2020/10/17,71-80,0,419,10/20/2020 02:15:01 PM
2020/10/18,71-80,0,419,10/20/2020 02:15:01 PM
2020/10/19,71-80,0,419,10/20/2020 02:15:01 PM
2020/03/11,31-40,3,7,10/20/2020 02:15:01 PM
2020/03/12,31-40,1,8,10/20/2020 02:15:01 PM
2020/03/13,31-40,3,11,10/20/2020 02:15:01 PM
2020/03/14,31-40,2,13,10/20/2020 02:15:01 PM
2020/03/15,31-40,4,17,10/20/2020 02:15:01 PM
2020/03/16,31-40,15,32,10/20/2020 02:15:01 PM
2020/03/17,31-40,13,45,10/20/2020 02:15:01 PM
2020/03/18,31-40,4,49,10/20/2020 02:15:01 PM
2020/03/19,31-40,5,54,10/20/2020 02:15:01 PM
2020/03/20,31-40,8,62,10/20/2020 02:15:01 PM
2020/03/21,31-40,4,66,10/20/2020 02:15:01 PM
2020/03/22,31-40,2,68,10/20/2020 02:15:01 PM
2020/03/23,31-40,7,75,10/20/2020 02:15:01 PM
2020/03/24,31-40,14,89,10/20/2020 02:15:01 PM
2020/03/25,31-40,10,99,10/20/2020 02:15:01 PM
2020/03/26,31-40,8,107,10/20/2020 02:15:01 PM
2020/03/27,31-40,7,114,10/20/2020 02:15:01 PM
2020/03/28,31-40,2,116,10/20/2020 02:15:01 PM
2020/03/29,31-40,2,118,10/20/2020 02:15:01 PM
2020/03/30,31-40,8,126,10/20/2020 02:15:01 PM
2020/03/31,31-40,13,139,10/20/2020 02:15:01 PM
2020/04/01,31-40,7,146,10/20/2020 02:15:01 PM
2020/04/02,31-40,11,157,10/20/2020 02:15:01 PM
2020/04/03,31-40,9,166,10/20/2020 02:15:01 PM
2020/04/04,31-40,4,170,10/20/2020 02:15:01 PM
2020/04/05,31-40,10,180,10/20/2020 02:15:01 PM
2020/04/06,31-40,9,189,10/20/2020 02:15:01 PM
2020/04/07,31-40,10,199,10/20/2020 02:15:01 PM
2020/04/08,31-40,16,215,10/20/2020 02:15:01 PM
2020/04/09,31-40,11,226,10/20/2020 02:15:01 PM
2020/04/10,31-40,7,233,10/20/2020 02:15:01 PM
2020/04/11,31-40,7,240,10/20/2020 02:15:01 PM
2020/04/12,31-40,4,244,10/20/2020 02:15:01 PM
2020/04/13,31-40,6,250,10/20/2020 02:15:01 PM
2020/04/14,31-40,8,258,10/20/2020 02:15:01 PM
2020/04/15,31-40,11,269,10/20/2020 02:15:01 PM
2020/04/16,31-40,10,279,10/20/2020 02:15:01 PM
2020/04/17,31-40,12,291,10/20/2020 02:15:01 PM
2020/04/18,31-40,3,294,10/20/2020 02:15:01 PM
2020/04/19,31-40,5,299,10/20/2020 02:15:01 PM
2020/04/20,31-40,6,305,10/20/2020 02:15:01 PM
2020/04/21,31-40,4,309,10/20/2020 02:15:01 PM
2020/04/22,31-40,7,316,10/20/2020 02:15:01 PM
2020/04/23,31-40,10,326,10/20/2020 02:15:01 PM
2020/04/24,31-40,7,333,10/20/2020 02:15:01 PM
2020/04/25,31-40,6,339,10/20/2020 02:15:01 PM
2020/04/26,31-40,9,348,10/20/2020 02:15:01 PM
2020/04/27,31-40,8,356,10/20/2020 02:15:01 PM
2020/04/28,31-40,16,372,10/20/2020 02:15:01 PM
2020/04/29,31-40,9,381,10/20/2020 02:15:01 PM
2020/04/30,31-40,9,390,10/20/2020 02:15:01 PM
2020/05/01,31-40,11,401,10/20/2020 02:15:01 PM
2020/05/02,31-40,17,418,10/20/2020 02:15:01 PM
2020/05/03,31-40,6,424,10/20/2020 02:15:01 PM
2020/05/04,31-40,9,433,10/20/2020 02:15:01 PM
2020/05/05,31-40,12,445,10/20/2020 02:15:01 PM
2020/05/06,31-40,9,454,10/20/2020 02:15:01 PM
2020/05/07,31-40,11,465,10/20/2020 02:15:01 PM
2020/05/08,31-40,5,470,10/20/2020 02:15:01 PM
2020/05/09,31-40,2,472,10/20/2020 02:15:01 PM
2020/05/10,31-40,2,474,10/20/2020 02:15:01 PM
2020/05/11,31-40,10,484,10/20/2020 02:15:01 PM
2020/05/12,31-40,10,494,10/20/2020 02:15:01 PM
2020/05/13,31-40,9,503,10/20/2020 02:15:01 PM
2020/05/14,31-40,6,509,10/20/2020 02:15:01 PM
2020/05/15,31-40,14,523,10/20/2020 02:15:01 PM
2020/05/16,31-40,4,527,10/20/2020 02:15:01 PM
2020/05/17,31-40,4,531,10/20/2020 02:15:01 PM
2020/05/18,31-40,10,541,10/20/2020 02:15:01 PM
2020/05/19,31-40,3,544,10/20/2020 02:15:01 PM
2020/05/20,31-40,8,552,10/20/2020 02:15:01 PM
2020/05/21,31-40,2,554,10/20/2020 02:15:01 PM
2020/05/22,31-40,7,561,10/20/2020 02:15:01 PM
2020/05/23,31-40,3,564,10/20/2020 02:15:01 PM
2020/05/24,31-40,2,566,10/20/2020 02:15:01 PM
2020/05/25,31-40,1,567,10/20/2020 02:15:01 PM
2020/05/26,31-40,14,581,10/20/2020 02:15:01 PM
2020/05/27,31-40,10,591,10/20/2020 02:15:01 PM
2020/05/28,31-40,6,597,10/20/2020 02:15:01 PM
2020/05/29,31-40,9,606,10/20/2020 02:15:01 PM
2020/05/30,31-40,8,614,10/20/2020 02:15:01 PM
2020/05/31,31-40,9,623,10/20/2020 02:15:01 PM
2020/06/01,31-40,8,631,10/20/2020 02:15:01 PM
2020/06/02,31-40,8,639,10/20/2020 02:15:01 PM
2020/06/03,31-40,10,649,10/20/2020 02:15:01 PM
2020/06/04,31-40,9,658,10/20/2020 02:15:01 PM
2020/06/05,31-40,5,663,10/20/2020 02:15:01 PM
2020/06/06,31-40,2,665,10/20/2020 02:15:01 PM
2020/06/07,31-40,3,668,10/20/2020 02:15:01 PM
2020/06/08,31-40,4,672,10/20/2020 02:15:01 PM
2020/06/09,31-40,7,679,10/20/2020 02:15:01 PM
2020/06/10,31-40,4,683,10/20/2020 02:15:01 PM
2020/06/11,31-40,8,691,10/20/2020 02:15:01 PM
2020/06/12,31-40,9,700,10/20/2020 02:15:01 PM
2020/06/13,31-40,8,708,10/20/2020 02:15:01 PM
2020/06/14,31-40,5,713,10/20/2020 02:15:01 PM
2020/06/15,31-40,7,720,10/20/2020 02:15:01 PM
2020/06/16,31-40,6,726,10/20/2020 02:15:01 PM
2020/06/17,31-40,14,740,10/20/2020 02:15:01 PM
2020/06/18,31-40,12,752,10/20/2020 02:15:01 PM
2020/06/19,31-40,10,762,10/20/2020 02:15:01 PM
2020/06/20,31-40,10,772,10/20/2020 02:15:01 PM
2020/06/21,31-40,5,777,10/20/2020 02:15:01 PM
2020/06/22,31-40,25,802,10/20/2020 02:15:01 PM
2020/06/23,31-40,15,817,10/20/2020 02:15:01 PM
2020/06/24,31-40,15,832,10/20/2020 02:15:01 PM
2020/06/25,31-40,14,846,10/20/2020 02:15:01 PM
2020/06/26,31-40,21,867,10/20/2020 02:15:01 PM
2020/06/27,31-40,14,881,10/20/2020 02:15:01 PM
2020/06/28,31-40,2,883,10/20/2020 02:15:01 PM
2020/06/29,31-40,24,907,10/20/2020 02:15:01 PM
2020/06/30,31-40,27,934,10/20/2020 02:15:01 PM
2020/07/01,31-40,19,953,10/20/2020 02:15:01 PM
2020/07/02,31-40,27,980,10/20/2020 02:15:01 PM
2020/07/03,31-40,20,1000,10/20/2020 02:15:01 PM
2020/07/04,31-40,7,1007,10/20/2020 02:15:01 PM
2020/07/05,31-40,11,1018,10/20/2020 02:15:01 PM
2020/07/06,31-40,18,1036,10/20/2020 02:15:01 PM
2020/07/07,31-40,26,1062,10/20/2020 02:15:01 PM
2020/07/08,31-40,35,1097,10/20/2020 02:15:01 PM
2020/07/09,31-40,27,1124,10/20/2020 02:15:01 PM
2020/07/10,31-40,27,1151,10/20/2020 02:15:01 PM
2020/07/11,31-40,20,1171,10/20/2020 02:15:01 PM
2020/07/12,31-40,16,1187,10/20/2020 02:15:01 PM
2020/07/13,31-40,41,1228,10/20/2020 02:15:01 PM
2020/07/14,31-40,47,1275,10/20/2020 02:15:01 PM
2020/07/15,31-40,36,1311,10/20/2020 02:15:01 PM
2020/07/16,31-40,31,1342,10/20/2020 02:15:01 PM
2020/07/17,31-40,43,1385,10/20/2020 02:15:01 PM
2020/07/18,31-40,21,1406,10/20/2020 02:15:01 PM
2020/07/19,31-40,16,1422,10/20/2020 02:15:01 PM
2020/07/20,31-40,35,1457,10/20/2020 02:15:01 PM
2020/07/21,31-40,35,1492,10/20/2020 02:15:01 PM
2020/07/22,31-40,29,1521,10/20/2020 02:15:01 PM
2020/07/23,31-40,37,1558,10/20/2020 02:15:01 PM
2020/07/24,31-40,26,1584,10/20/2020 02:15:01 PM
2020/07/25,31-40,14,1598,10/20/2020 02:15:01 PM
2020/07/26,31-40,18,1616,10/20/2020 02:15:01 PM
2020/07/27,31-40,22,1638,10/20/2020 02:15:01 PM
2020/07/28,31-40,21,1659,10/20/2020 02:15:01 PM
2020/07/29,31-40,32,1691,10/20/2020 02:15:01 PM
2020/07/30,31-40,28,1719,10/20/2020 02:15:01 PM
2020/07/31,31-40,24,1743,10/20/2020 02:15:01 PM
2020/08/01,31-40,14,1757,10/20/2020 02:15:01 PM
2020/08/02,31-40,8,1765,10/20/2020 02:15:01 PM
2020/08/03,31-40,24,1789,10/20/2020 02:15:01 PM
2020/08/04,31-40,17,1806,10/20/2020 02:15:01 PM
2020/08/05,31-40,30,1836,10/20/2020 02:15:01 PM
2020/08/06,31-40,17,1853,10/20/2020 02:15:01 PM
2020/08/07,31-40,27,1880,10/20/2020 02:15:01 PM
2020/08/08,31-40,17,1897,10/20/2020 02:15:01 PM
2020/08/09,31-40,18,1915,10/20/2020 02:15:01 PM
2020/08/10,31-40,27,1942,10/20/2020 02:15:01 PM
2020/08/11,31-40,19,1961,10/20/2020 02:15:01 PM
2020/08/12,31-40,31,1992,10/20/2020 02:15:01 PM
2020/08/13,31-40,22,2014,10/20/2020 02:15:01 PM
2020/08/14,31-40,28,2042,10/20/2020 02:15:01 PM
2020/08/15,31-40,18,2060,10/20/2020 02:15:01 PM
2020/08/16,31-40,6,2066,10/20/2020 02:15:01 PM
2020/08/17,31-40,17,2083,10/20/2020 02:15:01 PM
2020/08/18,31-40,26,2109,10/20/2020 02:15:01 PM
2020/08/19,31-40,18,2127,10/20/2020 02:15:01 PM
2020/08/20,31-40,16,2143,10/20/2020 02:15:01 PM
2020/08/21,31-40,21,2164,10/20/2020 02:15:01 PM
2020/08/22,31-40,9,2173,10/20/2020 02:15:01 PM
2020/08/23,31-40,10,2183,10/20/2020 02:15:01 PM
2020/08/24,31-40,20,2203,10/20/2020 02:15:01 PM
2020/08/25,31-40,13,2216,10/20/2020 02:15:01 PM
2020/08/26,31-40,23,2239,10/20/2020 02:15:01 PM
2020/08/27,31-40,26,2265,10/20/2020 02:15:01 PM
2020/08/28,31-40,18,2283,10/20/2020 02:15:01 PM
2020/08/29,31-40,10,2293,10/20/2020 02:15:01 PM
2020/08/30,31-40,9,2302,10/20/2020 02:15:01 PM
2020/08/31,31-40,10,2312,10/20/2020 02:15:01 PM
2020/09/01,31-40,16,2328,10/20/2020 02:15:01 PM
2020/09/02,31-40,12,2340,10/20/2020 02:15:01 PM
2020/09/03,31-40,23,2363,10/20/2020 02:15:01 PM
2020/09/04,31-40,18,2381,10/20/2020 02:15:01 PM
2020/09/05,31-40,10,2391,10/20/2020 02:15:01 PM
2020/09/06,31-40,6,2397,10/20/2020 02:15:01 PM
2020/09/07,31-40,10,2407,10/20/2020 02:15:01 PM
2020/09/08,31-40,11,2418,10/20/2020 02:15:01 PM
2020/09/09,31-40,15,2433,10/20/2020 02:15:01 PM
2020/09/10,31-40,7,2440,10/20/2020 02:15:01 PM
2020/09/11,31-40,11,2451,10/20/2020 02:15:01 PM
2020/09/12,31-40,5,2456,10/20/2020 02:15:01 PM
2020/09/13,31-40,4,2460,10/20/2020 02:15:01 PM
2020/09/14,31-40,23,2483,10/20/2020 02:15:01 PM
2020/09/15,31-40,14,2497,10/20/2020 02:15:01 PM
2020/09/16,31-40,12,2509,10/20/2020 02:15:01 PM
2020/09/17,31-40,13,2522,10/20/2020 02:15:01 PM
2020/09/18,31-40,15,2537,10/20/2020 02:15:01 PM
2020/09/19,31-40,6,2543,10/20/2020 02:15:01 PM
2020/09/20,31-40,4,2547,10/20/2020 02:15:01 PM
2020/09/21,31-40,12,2559,10/20/2020 02:15:01 PM
2020/09/22,31-40,16,2575,10/20/2020 02:15:01 PM
2020/09/23,31-40,13,2588,10/20/2020 02:15:01 PM
2020/09/24,31-40,10,2598,10/20/2020 02:15:01 PM
2020/09/25,31-40,7,2605,10/20/2020 02:15:01 PM
2020/09/26,31-40,4,2609,10/20/2020 02:15:01 PM
2020/09/27,31-40,10,2619,10/20/2020 02:15:01 PM
2020/09/28,31-40,12,2631,10/20/2020 02:15:01 PM
2020/09/29,31-40,14,2645,10/20/2020 02:15:01 PM
2020/09/30,31-40,7,2652,10/20/2020 02:15:01 PM
2020/10/01,31-40,10,2662,10/20/2020 02:15:01 PM
2020/10/02,31-40,7,2669,10/20/2020 02:15:01 PM
2020/10/03,31-40,5,2674,10/20/2020 02:15:01 PM
2020/10/04,31-40,4,2678,10/20/2020 02:15:01 PM
2020/10/05,31-40,6,2684,10/20/2020 02:15:01 PM
2020/10/06,31-40,10,2694,10/20/2020 02:15:01 PM
2020/10/07,31-40,14,2708,10/20/2020 02:15:01 PM
2020/10/08,31-40,6,2714,10/20/2020 02:15:01 PM
2020/10/09,31-40,5,2719,10/20/2020 02:15:01 PM
2020/10/10,31-40,1,2720,10/20/2020 02:15:01 PM
2020/10/11,31-40,6,2726,10/20/2020 02:15:01 PM
2020/10/12,31-40,7,2733,10/20/2020 02:15:01 PM
2020/10/13,31-40,9,2742,10/20/2020 02:15:01 PM
2020/10/14,31-40,4,2746,10/20/2020 02:15:01 PM
2020/10/15,31-40,11,2757,10/20/2020 02:15:01 PM
2020/10/16,31-40,9,2766,10/20/2020 02:15:01 PM
2020/10/17,31-40,5,2771,10/20/2020 02:15:01 PM
2020/10/18,31-40,2,2773,10/20/2020 02:15:01 PM
2020/10/19,31-40,0,2773,10/20/2020 02:15:01 PM
2020/03/07,18-30,3,5,10/20/2020 02:15:01 PM
2020/03/08,18-30,0,5,10/20/2020 02:15:01 PM
2020/03/09,18-30,0,5,10/20/2020 02:15:01 PM
2020/03/10,18-30,0,5,10/20/2020 02:15:01 PM
2020/03/11,18-30,3,8,10/20/2020 02:15:01 PM
2020/03/12,18-30,0,8,10/20/2020 02:15:01 PM
2020/03/13,18-30,3,11,10/20/2020 02:15:01 PM
2020/03/14,18-30,4,15,10/20/2020 02:15:01 PM
2020/03/15,18-30,2,17,10/20/2020 02:15:01 PM
2020/03/16,18-30,2,19,10/20/2020 02:15:01 PM
2020/03/17,18-30,4,23,10/20/2020 02:15:01 PM
2020/03/18,18-30,6,29,10/20/2020 02:15:01 PM
2020/03/19,18-30,3,32,10/20/2020 02:15:01 PM
2020/03/20,18-30,8,40,10/20/2020 02:15:01 PM
2020/03/21,18-30,2,42,10/20/2020 02:15:01 PM
2020/03/22,18-30,6,48,10/20/2020 02:15:01 PM
2020/03/23,18-30,7,55,10/20/2020 02:15:01 PM
2020/03/24,18-30,8,63,10/20/2020 02:15:01 PM
2020/03/25,18-30,7,70,10/20/2020 02:15:01 PM
2020/03/26,18-30,6,76,10/20/2020 02:15:01 PM
2020/03/27,18-30,4,80,10/20/2020 02:15:01 PM
2020/03/28,18-30,4,84,10/20/2020 02:15:01 PM
2020/03/29,18-30,2,86,10/20/2020 02:15:01 PM
2020/03/30,18-30,7,93,10/20/2020 02:15:01 PM
2020/03/31,18-30,10,103,10/20/2020 02:15:01 PM
2020/04/01,18-30,10,113,10/20/2020 02:15:01 PM
2020/04/02,18-30,7,120,10/20/2020 02:15:01 PM
2020/04/03,18-30,3,123,10/20/2020 02:15:01 PM
2020/04/04,18-30,2,125,10/20/2020 02:15:01 PM
2020/04/05,18-30,9,134,10/20/2020 02:15:01 PM
2020/04/06,18-30,9,143,10/20/2020 02:15:01 PM
2020/04/07,18-30,11,154,10/20/2020 02:15:01 PM
2020/04/08,18-30,6,160,10/20/2020 02:15:01 PM
2020/04/09,18-30,13,173,10/20/2020 02:15:01 PM
2020/04/10,18-30,2,175,10/20/2020 02:15:01 PM
2020/04/11,18-30,5,180,10/20/2020 02:15:01 PM
2020/04/12,18-30,3,183,10/20/2020 02:15:01 PM
2020/04/13,18-30,4,187,10/20/2020 02:15:01 PM
2020/04/14,18-30,4,191,10/20/2020 02:15:01 PM
2020/04/15,18-30,3,194,10/20/2020 02:15:01 PM
2020/04/16,18-30,6,200,10/20/2020 02:15:01 PM
2020/04/17,18-30,6,206,10/20/2020 02:15:01 PM
2020/04/18,18-30,1,207,10/20/2020 02:15:01 PM
2020/04/19,18-30,2,209,10/20/2020 02:15:01 PM
2020/04/20,18-30,6,215,10/20/2020 02:15:01 PM
2020/04/21,18-30,7,222,10/20/2020 02:15:01 PM
2020/04/22,18-30,3,225,10/20/2020 02:15:01 PM
2020/04/23,18-30,5,230,10/20/2020 02:15:01 PM
2020/04/24,18-30,8,238,10/20/2020 02:15:01 PM
2020/04/25,18-30,3,241,10/20/2020 02:15:01 PM
2020/04/26,18-30,7,248,10/20/2020 02:15:01 PM
2020/04/27,18-30,9,257,10/20/2020 02:15:01 PM
2020/04/28,18-30,23,280,10/20/2020 02:15:01 PM
2020/04/29,18-30,14,294,10/20/2020 02:15:01 PM
2020/04/30,18-30,10,304,10/20/2020 02:15:01 PM
2020/05/01,18-30,2,306,10/20/2020 02:15:01 PM
2020/05/02,18-30,10,316,10/20/2020 02:15:01 PM
2020/05/03,18-30,0,316,10/20/2020 02:15:01 PM
2020/05/04,18-30,9,325,10/20/2020 02:15:01 PM
2020/05/05,18-30,10,335,10/20/2020 02:15:01 PM
2020/05/06,18-30,13,348,10/20/2020 02:15:01 PM
2020/05/07,18-30,2,350,10/20/2020 02:15:01 PM
2020/05/08,18-30,6,356,10/20/2020 02:15:01 PM
2020/05/09,18-30,2,358,10/20/2020 02:15:01 PM
2020/05/10,18-30,2,360,10/20/2020 02:15:01 PM
2020/05/11,18-30,3,363,10/20/2020 02:15:01 PM
2020/05/12,18-30,7,370,10/20/2020 02:15:01 PM
2020/05/13,18-30,6,376,10/20/2020 02:15:01 PM
2020/05/14,18-30,10,386,10/20/2020 02:15:01 PM
2020/05/15,18-30,4,390,10/20/2020 02:15:01 PM
2020/05/16,18-30,0,390,10/20/2020 02:15:01 PM
2020/05/17,18-30,2,392,10/20/2020 02:15:01 PM
2020/05/18,18-30,11,403,10/20/2020 02:15:01 PM
2020/05/19,18-30,12,415,10/20/2020 02:15:01 PM
2020/05/20,18-30,8,423,10/20/2020 02:15:01 PM
2020/05/21,18-30,8,431,10/20/2020 02:15:01 PM
2020/05/22,18-30,10,441,10/20/2020 02:15:01 PM
2020/05/23,18-30,6,447,10/20/2020 02:15:01 PM
2020/05/24,18-30,5,452,10/20/2020 02:15:01 PM
2020/05/25,18-30,4,456,10/20/2020 02:15:01 PM
2020/05/26,18-30,10,466,10/20/2020 02:15:01 PM
2020/05/27,18-30,6,472,10/20/2020 02:15:01 PM
2020/05/28,18-30,5,477,10/20/2020 02:15:01 PM
2020/05/29,18-30,8,485,10/20/2020 02:15:01 PM
2020/05/30,18-30,7,492,10/20/2020 02:15:01 PM
2020/05/31,18-30,6,498,10/20/2020 02:15:01 PM
2020/06/01,18-30,12,510,10/20/2020 02:15:01 PM
2020/06/02,18-30,9,519,10/20/2020 02:15:01 PM
2020/06/03,18-30,7,526,10/20/2020 02:15:01 PM
2020/06/04,18-30,11,537,10/20/2020 02:15:01 PM
2020/06/05,18-30,8,545,10/20/2020 02:15:01 PM
2020/06/06,18-30,2,547,10/20/2020 02:15:01 PM
2020/06/07,18-30,6,553,10/20/2020 02:15:01 PM
2020/06/08,18-30,13,566,10/20/2020 02:15:01 PM
2020/06/09,18-30,6,572,10/20/2020 02:15:01 PM
2020/06/10,18-30,5,577,10/20/2020 02:15:01 PM
2020/06/11,18-30,5,582,10/20/2020 02:15:01 PM
2020/06/12,18-30,4,586,10/20/2020 02:15:01 PM
2020/06/13,18-30,6,592,10/20/2020 02:15:01 PM
2020/06/14,18-30,5,597,10/20/2020 02:15:01 PM
2020/06/15,18-30,10,607,10/20/2020 02:15:01 PM
2020/06/16,18-30,17,624,10/20/2020 02:15:01 PM
2020/06/17,18-30,14,638,10/20/2020 02:15:01 PM
2020/06/18,18-30,14,652,10/20/2020 02:15:01 PM
2020/06/19,18-30,12,664,10/20/2020 02:15:01 PM
2020/06/20,18-30,14,678,10/20/2020 02:15:01 PM
2020/06/21,18-30,16,694,10/20/2020 02:15:01 PM
2020/06/22,18-30,27,721,10/20/2020 02:15:01 PM
2020/06/23,18-30,18,739,10/20/2020 02:15:01 PM
2020/06/24,18-30,20,759,10/20/2020 02:15:01 PM
2020/06/25,18-30,26,785,10/20/2020 02:15:01 PM
2020/06/26,18-30,20,805,10/20/2020 02:15:01 PM
2020/06/27,18-30,18,823,10/20/2020 02:15:01 PM
2020/06/28,18-30,13,836,10/20/2020 02:15:01 PM
2020/06/29,18-30,19,855,10/20/2020 02:15:01 PM
2020/06/30,18-30,25,880,10/20/2020 02:15:01 PM
2020/07/01,18-30,24,904,10/20/2020 02:15:01 PM
2020/07/02,18-30,39,943,10/20/2020 02:15:01 PM
2020/07/03,18-30,22,965,10/20/2020 02:15:01 PM
2020/07/04,18-30,11,976,10/20/2020 02:15:01 PM
2020/07/05,18-30,16,992,10/20/2020 02:15:01 PM
2020/07/06,18-30,24,1016,10/20/2020 02:15:01 PM
2020/07/07,18-30,36,1052,10/20/2020 02:15:01 PM
2020/07/08,18-30,28,1080,10/20/2020 02:15:01 PM
2020/07/09,18-30,37,1117,10/20/2020 02:15:01 PM
2020/07/10,18-30,37,1154,10/20/2020 02:15:01 PM
2020/07/11,18-30,19,1173,10/20/2020 02:15:01 PM
2020/07/12,18-30,15,1188,10/20/2020 02:15:01 PM
2020/07/13,18-30,37,1225,10/20/2020 02:15:01 PM
2020/07/14,18-30,42,1267,10/20/2020 02:15:01 PM
2020/07/15,18-30,43,1310,10/20/2020 02:15:01 PM
2020/07/16,18-30,39,1349,10/20/2020 02:15:01 PM
2020/07/17,18-30,41,1390,10/20/2020 02:15:01 PM
2020/07/18,18-30,20,1410,10/20/2020 02:15:01 PM
2020/07/19,18-30,16,1426,10/20/2020 02:15:01 PM
2020/07/20,18-30,38,1464,10/20/2020 02:15:01 PM
2020/07/21,18-30,29,1493,10/20/2020 02:15:01 PM
2020/07/22,18-30,37,1530,10/20/2020 02:15:01 PM
2020/07/23,18-30,33,1563,10/20/2020 02:15:01 PM
2020/07/24,18-30,28,1591,10/20/2020 02:15:01 PM
2020/07/25,18-30,25,1616,10/20/2020 02:15:01 PM
2020/07/26,18-30,17,1633,10/20/2020 02:15:01 PM
2020/07/27,18-30,33,1666,10/20/2020 02:15:01 PM
2020/07/28,18-30,20,1686,10/20/2020 02:15:01 PM
2020/07/29,18-30,36,1722,10/20/2020 02:15:01 PM
2020/07/30,18-30,22,1744,10/20/2020 02:15:01 PM
2020/07/31,18-30,31,1775,10/20/2020 02:15:01 PM
2020/08/01,18-30,17,1792,10/20/2020 02:15:01 PM
2020/08/02,18-30,13,1805,10/20/2020 02:15:01 PM
2020/08/03,18-30,32,1837,10/20/2020 02:15:01 PM
2020/08/04,18-30,18,1855,10/20/2020 02:15:01 PM
2020/08/05,18-30,37,1892,10/20/2020 02:15:01 PM
2020/08/06,18-30,31,1923,10/20/2020 02:15:01 PM
2020/08/07,18-30,27,1950,10/20/2020 02:15:01 PM
2020/08/08,18-30,13,1963,10/20/2020 02:15:01 PM
2020/08/09,18-30,15,1978,10/20/2020 02:15:01 PM
2020/08/10,18-30,22,2000,10/20/2020 02:15:01 PM
2020/08/11,18-30,31,2031,10/20/2020 02:15:01 PM
2020/08/12,18-30,39,2070,10/20/2020 02:15:01 PM
2020/08/13,18-30,21,2091,10/20/2020 02:15:01 PM
2020/08/14,18-30,21,2112,10/20/2020 02:15:01 PM
2020/08/15,18-30,14,2126,10/20/2020 02:15:01 PM
2020/08/16,18-30,9,2135,10/20/2020 02:15:01 PM
2020/08/17,18-30,24,2159,10/20/2020 02:15:01 PM
2020/08/18,18-30,17,2176,10/20/2020 02:15:01 PM
2020/08/19,18-30,19,2195,10/20/2020 02:15:01 PM
2020/08/20,18-30,25,2220,10/20/2020 02:15:01 PM
2020/08/21,18-30,17,2237,10/20/2020 02:15:01 PM
2020/08/22,18-30,10,2247,10/20/2020 02:15:01 PM
2020/08/23,18-30,7,2254,10/20/2020 02:15:01 PM
2020/08/24,18-30,23,2277,10/20/2020 02:15:01 PM
2020/08/25,18-30,18,2295,10/20/2020 02:15:01 PM
2020/08/26,18-30,24,2319,10/20/2020 02:15:01 PM
2020/08/27,18-30,24,2343,10/20/2020 02:15:01 PM
2020/08/28,18-30,15,2358,10/20/2020 02:15:01 PM
2020/08/29,18-30,13,2371,10/20/2020 02:15:01 PM
2020/08/30,18-30,14,2385,10/20/2020 02:15:01 PM
2020/08/31,18-30,27,2412,10/20/2020 02:15:01 PM
2020/09/01,18-30,25,2437,10/20/2020 02:15:01 PM
2020/09/02,18-30,22,2459,10/20/2020 02:15:01 PM
2020/09/03,18-30,22,2481,10/20/2020 02:15:01 PM
2020/09/04,18-30,18,2499,10/20/2020 02:15:01 PM
2020/09/05,18-30,6,2505,10/20/2020 02:15:01 PM
2020/09/06,18-30,7,2512,10/20/2020 02:15:01 PM
2020/09/07,18-30,8,2520,10/20/2020 02:15:01 PM
2020/09/08,18-30,19,2539,10/20/2020 02:15:01 PM
2020/09/09,18-30,15,2554,10/20/2020 02:15:01 PM
2020/09/10,18-30,17,2571,10/20/2020 02:15:01 PM
2020/09/11,18-30,15,2586,10/20/2020 02:15:01 PM
2020/09/12,18-30,11,2597,10/20/2020 02:15:01 PM
2020/09/13,18-30,7,2604,10/20/2020 02:15:01 PM
2020/09/14,18-30,23,2627,10/20/2020 02:15:01 PM
2020/09/15,18-30,18,2645,10/20/2020 02:15:01 PM
2020/09/16,18-30,10,2655,10/20/2020 02:15:01 PM
2020/09/17,18-30,13,2668,10/20/2020 02:15:01 PM
2020/09/18,18-30,21,2689,10/20/2020 02:15:01 PM
2020/09/19,18-30,8,2697,10/20/2020 02:15:01 PM
2020/09/20,18-30,3,2700,10/20/2020 02:15:01 PM
2020/09/21,18-30,13,2713,10/20/2020 02:15:01 PM
2020/09/22,18-30,12,2725,10/20/2020 02:15:01 PM
2020/09/23,18-30,13,2738,10/20/2020 02:15:01 PM
2020/09/24,18-30,24,2762,10/20/2020 02:15:01 PM
2020/09/25,18-30,13,2775,10/20/2020 02:15:01 PM
2020/09/26,18-30,2,2777,10/20/2020 02:15:01 PM
2020/09/27,18-30,5,2782,10/20/2020 02:15:01 PM
2020/09/28,18-30,11,2793,10/20/2020 02:15:01 PM
2020/09/29,18-30,12,2805,10/20/2020 02:15:01 PM
2020/09/30,18-30,20,2825,10/20/2020 02:15:01 PM
2020/10/01,18-30,13,2838,10/20/2020 02:15:01 PM
2020/10/02,18-30,2,2840,10/20/2020 02:15:01 PM
2020/10/03,18-30,7,2847,10/20/2020 02:15:01 PM
2020/10/04,18-30,5,2852,10/20/2020 02:15:01 PM
2020/10/05,18-30,6,2858,10/20/2020 02:15:01 PM
2020/10/06,18-30,13,2871,10/20/2020 02:15:01 PM
2020/10/07,18-30,10,2881,10/20/2020 02:15:01 PM
2020/10/08,18-30,14,2895,10/20/2020 02:15:01 PM
2020/10/09,18-30,15,2910,10/20/2020 02:15:01 PM
2020/10/10,18-30,10,2920,10/20/2020 02:15:01 PM
2020/10/11,18-30,4,2924,10/20/2020 02:15:01 PM
2020/10/12,18-30,9,2933,10/20/2020 02:15:01 PM
2020/10/13,18-30,4,2937,10/20/2020 02:15:01 PM
2020/10/14,18-30,11,2948,10/20/2020 02:15:01 PM
2020/10/15,18-30,9,2957,10/20/2020 02:15:01 PM
2020/10/16,18-30,10,2967,10/20/2020 02:15:01 PM
2020/10/17,18-30,8,2975,10/20/2020 02:15:01 PM
2020/10/18,18-30,1,2976,10/20/2020 02:15:01 PM
2020/10/19,18-30,0,2976,10/20/2020 02:15:01 PM
2020/03/18,81+,1,5,10/20/2020 02:15:01 PM
2020/03/19,81+,1,6,10/20/2020 02:15:01 PM
2020/03/20,81+,0,6,10/20/2020 02:15:01 PM
2020/03/21,81+,1,7,10/20/2020 02:15:01 PM
2020/03/22,81+,2,9,10/20/2020 02:15:01 PM
2020/03/23,81+,1,10,10/20/2020 02:15:01 PM
2020/03/24,81+,1,11,10/20/2020 02:15:01 PM
2020/03/25,81+,1,12,10/20/2020 02:15:01 PM
2020/03/26,81+,4,16,10/20/2020 02:15:01 PM
2020/03/27,81+,1,17,10/20/2020 02:15:01 PM
2020/03/28,81+,1,18,10/20/2020 02:15:01 PM
2020/03/29,81+,2,20,10/20/2020 02:15:01 PM
2020/03/30,81+,1,21,10/20/2020 02:15:01 PM
2020/03/31,81+,2,23,10/20/2020 02:15:01 PM
2020/04/01,81+,2,25,10/20/2020 02:15:01 PM
2020/04/02,81+,2,27,10/20/2020 02:15:01 PM
2020/04/03,81+,0,27,10/20/2020 02:15:01 PM
2020/04/04,81+,1,28,10/20/2020 02:15:01 PM
2020/04/05,81+,2,30,10/20/2020 02:15:01 PM
2020/04/06,81+,2,32,10/20/2020 02:15:01 PM
2020/04/07,81+,4,36,10/20/2020 02:15:01 PM
2020/04/08,81+,1,37,10/20/2020 02:15:01 PM
2020/04/09,81+,1,38,10/20/2020 02:15:01 PM
2020/04/10,81+,0,38,10/20/2020 02:15:01 PM
2020/04/11,81+,2,40,10/20/2020 02:15:01 PM
2020/04/12,81+,2,42,10/20/2020 02:15:01 PM
2020/04/13,81+,2,44,10/20/2020 02:15:01 PM
2020/04/14,81+,5,49,10/20/2020 02:15:01 PM
2020/04/15,81+,14,63,10/20/2020 02:15:01 PM
2020/04/16,81+,2,65,10/20/2020 02:15:01 PM
2020/04/17,81+,3,68,10/20/2020 02:15:01 PM
2020/04/18,81+,1,69,10/20/2020 02:15:01 PM
2020/04/19,81+,3,72,10/20/2020 02:15:01 PM
2020/04/20,81+,2,74,10/20/2020 02:15:01 PM
2020/04/21,81+,2,76,10/20/2020 02:15:01 PM
2020/04/22,81+,1,77,10/20/2020 02:15:01 PM
2020/04/23,81+,5,82,10/20/2020 02:15:01 PM
2020/04/24,81+,2,84,10/20/2020 02:15:01 PM
2020/04/25,81+,8,92,10/20/2020 02:15:01 PM
2020/04/26,81+,1,93,10/20/2020 02:15:01 PM
2020/04/27,81+,2,95,10/20/2020 02:15:01 PM
2020/04/28,81+,1,96,10/20/2020 02:15:01 PM
2020/04/29,81+,1,97,10/20/2020 02:15:01 PM
2020/04/30,81+,0,97,10/20/2020 02:15:01 PM
2020/05/01,81+,2,99,10/20/2020 02:15:01 PM
2020/05/02,81+,1,100,10/20/2020 02:15:01 PM
2020/05/03,81+,0,100,10/20/2020 02:15:01 PM
2020/05/04,81+,1,101,10/20/2020 02:15:01 PM
2020/05/05,81+,0,101,10/20/2020 02:15:01 PM
2020/05/06,81+,1,102,10/20/2020 02:15:01 PM
2020/05/07,81+,0,102,10/20/2020 02:15:01 PM
2020/05/08,81+,0,102,10/20/2020 02:15:01 PM
2020/05/09,81+,1,103,10/20/2020 02:15:01 PM
2020/05/10,81+,0,103,10/20/2020 02:15:01 PM
2020/05/11,81+,0,103,10/20/2020 02:15:01 PM
2020/05/12,81+,8,111,10/20/2020 02:15:01 PM
2020/05/13,81+,0,111,10/20/2020 02:15:01 PM
2020/05/14,81+,0,111,10/20/2020 02:15:01 PM
2020/05/15,81+,0,111,10/20/2020 02:15:01 PM
2020/05/16,81+,1,112,10/20/2020 02:15:01 PM
2020/05/17,81+,0,112,10/20/2020 02:15:01 PM
2020/05/18,81+,1,113,10/20/2020 02:15:01 PM
2020/05/19,81+,0,113,10/20/2020 02:15:01 PM
2020/05/20,81+,1,114,10/20/2020 02:15:01 PM
2020/05/21,81+,1,115,10/20/2020 02:15:01 PM
2020/05/22,81+,1,116,10/20/2020 02:15:01 PM
2020/05/23,81+,0,116,10/20/2020 02:15:01 PM
2020/05/24,81+,0,116,10/20/2020 02:15:01 PM
2020/05/25,81+,0,116,10/20/2020 02:15:01 PM
2020/05/26,81+,0,116,10/20/2020 02:15:01 PM
2020/05/27,81+,1,117,10/20/2020 02:15:01 PM
2020/05/28,81+,2,119,10/20/2020 02:15:01 PM
2020/05/29,81+,0,119,10/20/2020 02:15:01 PM
2020/05/30,81+,0,119,10/20/2020 02:15:01 PM
2020/05/31,81+,0,119,10/20/2020 02:15:01 PM
2020/06/01,81+,1,120,10/20/2020 02:15:01 PM
2020/06/02,81+,1,121,10/20/2020 02:15:01 PM
2020/06/03,81+,0,121,10/20/2020 02:15:01 PM
2020/06/04,81+,1,122,10/20/2020 02:15:01 PM
2020/06/05,81+,4,126,10/20/2020 02:15:01 PM
2020/06/06,81+,0,126,10/20/2020 02:15:01 PM
2020/06/07,81+,0,126,10/20/2020 02:15:01 PM
2020/06/08,81+,2,128,10/20/2020 02:15:01 PM
2020/06/09,81+,0,128,10/20/2020 02:15:01 PM
2020/06/10,81+,1,129,10/20/2020 02:15:01 PM
2020/06/11,81+,0,129,10/20/2020 02:15:01 PM
2020/06/12,81+,0,129,10/20/2020 02:15:01 PM
2020/06/13,81+,0,129,10/20/2020 02:15:01 PM
2020/06/14,81+,0,129,10/20/2020 02:15:01 PM
2020/06/15,81+,0,129,10/20/2020 02:15:01 PM
2020/06/16,81+,0,129,10/20/2020 02:15:01 PM
2020/06/17,81+,0,129,10/20/2020 02:15:01 PM
2020/06/18,81+,0,129,10/20/2020 02:15:01 PM
2020/06/19,81+,2,131,10/20/2020 02:15:01 PM
2020/06/20,81+,0,131,10/20/2020 02:15:01 PM
2020/06/21,81+,0,131,10/20/2020 02:15:01 PM
2020/06/22,81+,0,131,10/20/2020 02:15:01 PM
2020/06/23,81+,0,131,10/20/2020 02:15:01 PM
2020/06/24,81+,0,131,10/20/2020 02:15:01 PM
2020/06/25,81+,2,133,10/20/2020 02:15:01 PM
2020/06/26,81+,1,134,10/20/2020 02:15:01 PM
2020/06/27,81+,1,135,10/20/2020 02:15:01 PM
2020/06/28,81+,2,137,10/20/2020 02:15:01 PM
2020/06/29,81+,1,138,10/20/2020 02:15:01 PM
2020/06/30,81+,1,139,10/20/2020 02:15:01 PM
2020/07/01,81+,1,140,10/20/2020 02:15:01 PM
2020/07/02,81+,2,142,10/20/2020 02:15:01 PM
2020/07/03,81+,0,142,10/20/2020 02:15:01 PM
2020/07/04,81+,0,142,10/20/2020 02:15:01 PM
2020/07/05,81+,3,145,10/20/2020 02:15:01 PM
2020/07/06,81+,2,147,10/20/2020 02:15:01 PM
2020/07/07,81+,1,148,10/20/2020 02:15:01 PM
2020/07/08,81+,2,150,10/20/2020 02:15:01 PM
2020/07/09,81+,1,151,10/20/2020 02:15:01 PM
2020/07/10,81+,1,152,10/20/2020 02:15:01 PM
2020/07/11,81+,1,153,10/20/2020 02:15:01 PM
2020/07/12,81+,1,154,10/20/2020 02:15:01 PM
2020/07/13,81+,2,156,10/20/2020 02:15:01 PM
2020/07/14,81+,4,160,10/20/2020 02:15:01 PM
2020/07/15,81+,1,161,10/20/2020 02:15:01 PM
2020/07/16,81+,0,161,10/20/2020 02:15:01 PM
2020/07/17,81+,2,163,10/20/2020 02:15:01 PM
2020/07/18,81+,0,163,10/20/2020 02:15:01 PM
2020/07/19,81+,0,163,10/20/2020 02:15:01 PM
2020/07/20,81+,1,164,10/20/2020 02:15:01 PM
2020/07/21,81+,2,166,10/20/2020 02:15:01 PM
2020/07/22,81+,0,166,10/20/2020 02:15:01 PM
2020/07/23,81+,2,168,10/20/2020 02:15:01 PM
2020/07/24,81+,1,169,10/20/2020 02:15:01 PM
2020/07/25,81+,1,170,10/20/2020 02:15:01 PM
2020/07/26,81+,1,171,10/20/2020 02:15:01 PM
2020/07/27,81+,0,171,10/20/2020 02:15:01 PM
2020/07/28,81+,1,172,10/20/2020 02:15:01 PM
2020/07/29,81+,6,178,10/20/2020 02:15:01 PM
2020/07/30,81+,2,180,10/20/2020 02:15:01 PM
2020/07/31,81+,3,183,10/20/2020 02:15:01 PM
2020/08/01,81+,7,190,10/20/2020 02:15:01 PM
2020/08/02,81+,1,191,10/20/2020 02:15:01 PM
2020/08/03,81+,2,193,10/20/2020 02:15:01 PM
2020/08/04,81+,3,196,10/20/2020 02:15:01 PM
2020/08/05,81+,2,198,10/20/2020 02:15:01 PM
2020/08/06,81+,4,202,10/20/2020 02:15:01 PM
2020/08/07,81+,0,202,10/20/2020 02:15:01 PM
2020/08/08,81+,0,202,10/20/2020 02:15:01 PM
2020/08/09,81+,0,202,10/20/2020 02:15:01 PM
2020/08/10,81+,4,206,10/20/2020 02:15:01 PM
2020/08/11,81+,2,208,10/20/2020 02:15:01 PM
2020/08/12,81+,1,209,10/20/2020 02:15:01 PM
2020/08/13,81+,1,210,10/20/2020 02:15:01 PM
2020/08/14,81+,4,214,10/20/2020 02:15:01 PM
2020/08/15,81+,1,215,10/20/2020 02:15:01 PM
2020/08/16,81+,0,215,10/20/2020 02:15:01 PM
2020/08/17,81+,2,217,10/20/2020 02:15:01 PM
2020/08/18,81+,1,218,10/20/2020 02:15:01 PM
2020/08/19,81+,1,219,10/20/2020 02:15:01 PM
2020/08/20,81+,1,220,10/20/2020 02:15:01 PM
2020/08/21,81+,1,221,10/20/2020 02:15:01 PM
2020/08/22,81+,0,221,10/20/2020 02:15:01 PM
2020/08/23,81+,2,223,10/20/2020 02:15:01 PM
2020/08/24,81+,3,226,10/20/2020 02:15:01 PM
2020/08/25,81+,2,228,10/20/2020 02:15:01 PM
2020/08/26,81+,2,230,10/20/2020 02:15:01 PM
2020/08/27,81+,3,233,10/20/2020 02:15:01 PM
2020/08/28,81+,2,235,10/20/2020 02:15:01 PM
2020/08/29,81+,0,235,10/20/2020 02:15:01 PM
2020/08/30,81+,0,235,10/20/2020 02:15:01 PM
2020/08/31,81+,5,240,10/20/2020 02:15:01 PM
2020/09/01,81+,1,241,10/20/2020 02:15:01 PM
2020/09/02,81+,2,243,10/20/2020 02:15:01 PM
2020/09/03,81+,6,249,10/20/2020 02:15:01 PM
2020/09/04,81+,2,251,10/20/2020 02:15:01 PM
2020/09/05,81+,1,252,10/20/2020 02:15:01 PM
2020/09/06,81+,3,255,10/20/2020 02:15:01 PM
2020/09/07,81+,11,266,10/20/2020 02:15:01 PM
2020/09/08,81+,0,266,10/20/2020 02:15:01 PM
2020/09/09,81+,5,271,10/20/2020 02:15:01 PM
2020/09/10,81+,1,272,10/20/2020 02:15:01 PM
2020/09/11,81+,7,279,10/20/2020 02:15:01 PM
2020/09/12,81+,3,282,10/20/2020 02:15:01 PM
2020/09/13,81+,0,282,10/20/2020 02:15:01 PM
2020/09/14,81+,3,285,10/20/2020 02:15:01 PM
2020/09/15,81+,9,294,10/20/2020 02:15:01 PM
2020/09/16,81+,0,294,10/20/2020 02:15:01 PM
2020/09/17,81+,1,295,10/20/2020 02:15:01 PM
2020/09/18,81+,17,312,10/20/2020 02:15:01 PM
2020/09/19,81+,4,316,10/20/2020 02:15:01 PM
2020/09/20,81+,0,316,10/20/2020 02:15:01 PM
2020/09/21,81+,0,316,10/20/2020 02:15:01 PM
2020/09/22,81+,6,322,10/20/2020 02:15:01 PM
2020/09/23,81+,4,326,10/20/2020 02:15:01 PM
2020/09/24,81+,5,331,10/20/2020 02:15:01 PM
2020/09/25,81+,2,333,10/20/2020 02:15:01 PM
2020/09/26,81+,1,334,10/20/2020 02:15:01 PM
2020/09/27,81+,0,334,10/20/2020 02:15:01 PM
2020/09/28,81+,1,335,10/20/2020 02:15:01 PM
2020/09/29,81+,0,335,10/20/2020 02:15:01 PM
2020/09/30,81+,1,336,10/20/2020 02:15:01 PM
2020/10/01,81+,2,338,10/20/2020 02:15:01 PM
2020/10/02,81+,1,339,10/20/2020 02:15:01 PM
2020/10/03,81+,0,339,10/20/2020 02:15:01 PM
2020/10/04,81+,0,339,10/20/2020 02:15:01 PM
2020/10/05,81+,0,339,10/20/2020 02:15:01 PM
2020/10/06,81+,0,339,10/20/2020 02:15:01 PM
2020/10/07,81+,0,339,10/20/2020 02:15:01 PM
2020/10/08,81+,2,341,10/20/2020 02:15:01 PM
2020/10/09,81+,0,341,10/20/2020 02:15:01 PM
2020/10/10,81+,0,341,10/20/2020 02:15:01 PM
2020/10/11,81+,0,341,10/20/2020 02:15:01 PM
2020/10/12,81+,0,341,10/20/2020 02:15:01 PM
2020/10/13,81+,1,342,10/20/2020 02:15:01 PM
2020/10/14,81+,0,342,10/20/2020 02:15:01 PM
2020/10/15,81+,1,343,10/20/2020 02:15:01 PM
2020/10/16,81+,0,343,10/20/2020 02:15:01 PM
2020/10/17,81+,2,345,10/20/2020 02:15:01 PM
2020/10/18,81+,0,345,10/20/2020 02:15:01 PM
2020/10/19,81+,0,345,10/20/2020 02:15:01 PM
2020/04/04,under 18,1,5,10/20/2020 02:15:01 PM
2020/04/05,under 18,0,5,10/20/2020 02:15:01 PM
2020/04/06,under 18,2,7,10/20/2020 02:15:01 PM
2020/04/07,under 18,6,13,10/20/2020 02:15:01 PM
2020/04/08,under 18,1,14,10/20/2020 02:15:01 PM
2020/04/09,under 18,2,16,10/20/2020 02:15:01 PM
2020/04/10,under 18,1,17,10/20/2020 02:15:01 PM
2020/04/11,under 18,1,18,10/20/2020 02:15:01 PM
2020/04/12,under 18,0,18,10/20/2020 02:15:01 PM
2020/04/13,under 18,3,21,10/20/2020 02:15:01 PM
2020/04/14,under 18,0,21,10/20/2020 02:15:01 PM
2020/04/15,under 18,0,21,10/20/2020 02:15:01 PM
2020/04/16,under 18,1,22,10/20/2020 02:15:01 PM
2020/04/17,under 18,0,22,10/20/2020 02:15:01 PM
2020/04/18,under 18,2,24,10/20/2020 02:15:01 PM
2020/04/19,under 18,0,24,10/20/2020 02:15:01 PM
2020/04/20,under 18,2,26,10/20/2020 02:15:01 PM
2020/04/21,under 18,2,28,10/20/2020 02:15:01 PM
2020/04/22,under 18,4,32,10/20/2020 02:15:01 PM
2020/04/23,under 18,1,33,10/20/2020 02:15:01 PM
2020/04/24,under 18,2,35,10/20/2020 02:15:01 PM
2020/04/25,under 18,5,40,10/20/2020 02:15:01 PM
2020/04/26,under 18,2,42,10/20/2020 02:15:01 PM
2020/04/27,under 18,3,45,10/20/2020 02:15:01 PM
2020/04/28,under 18,7,52,10/20/2020 02:15:01 PM
2020/04/29,under 18,3,55,10/20/2020 02:15:01 PM
2020/04/30,under 18,3,58,10/20/2020 02:15:01 PM
2020/05/01,under 18,3,61,10/20/2020 02:15:01 PM
2020/05/02,under 18,6,67,10/20/2020 02:15:01 PM
2020/05/03,under 18,2,69,10/20/2020 02:15:01 PM
2020/05/04,under 18,6,75,10/20/2020 02:15:01 PM
2020/05/05,under 18,0,75,10/20/2020 02:15:01 PM
2020/05/06,under 18,2,77,10/20/2020 02:15:01 PM
2020/05/07,under 18,4,81,10/20/2020 02:15:01 PM
2020/05/08,under 18,6,87,10/20/2020 02:15:01 PM
2020/05/09,under 18,0,87,10/20/2020 02:15:01 PM
2020/05/10,under 18,0,87,10/20/2020 02:15:01 PM
2020/05/11,under 18,3,90,10/20/2020 02:15:01 PM
2020/05/12,under 18,3,93,10/20/2020 02:15:01 PM
2020/05/13,under 18,1,94,10/20/2020 02:15:01 PM
2020/05/14,under 18,7,101,10/20/2020 02:15:01 PM
2020/05/15,under 18,5,106,10/20/2020 02:15:01 PM
2020/05/16,under 18,0,106,10/20/2020 02:15:01 PM
2020/05/17,under 18,1,107,10/20/2020 02:15:01 PM
2020/05/18,under 18,8,115,10/20/2020 02:15:01 PM
2020/05/19,under 18,7,122,10/20/2020 02:15:01 PM
2020/05/20,under 18,8,130,10/20/2020 02:15:01 PM
2020/05/21,under 18,5,135,10/20/2020 02:15:01 PM
2020/05/22,under 18,5,140,10/20/2020 02:15:01 PM
2020/05/23,under 18,3,143,10/20/2020 02:15:01 PM
2020/05/24,under 18,0,143,10/20/2020 02:15:01 PM
2020/05/25,under 18,0,143,10/20/2020 02:15:01 PM
2020/05/26,under 18,11,154,10/20/2020 02:15:01 PM
2020/05/27,under 18,8,162,10/20/2020 02:15:01 PM
2020/05/28,under 18,4,166,10/20/2020 02:15:01 PM
2020/05/29,under 18,3,169,10/20/2020 02:15:01 PM
2020/05/30,under 18,2,171,10/20/2020 02:15:01 PM
2020/05/31,under 18,2,173,10/20/2020 02:15:01 PM
2020/06/01,under 18,2,175,10/20/2020 02:15:01 PM
2020/06/02,under 18,9,184,10/20/2020 02:15:01 PM
2020/06/03,under 18,1,185,10/20/2020 02:15:01 PM
2020/06/04,under 18,2,187,10/20/2020 02:15:01 PM
2020/06/05,under 18,3,190,10/20/2020 02:15:01 PM
2020/06/06,under 18,3,193,10/20/2020 02:15:01 PM
2020/06/07,under 18,2,195,10/20/2020 02:15:01 PM
2020/06/08,under 18,5,200,10/20/2020 02:15:01 PM
2020/06/09,under 18,4,204,10/20/2020 02:15:01 PM
2020/06/10,under 18,1,205,10/20/2020 02:15:01 PM
2020/06/11,under 18,1,206,10/20/2020 02:15:01 PM
2020/06/12,under 18,2,208,10/20/2020 02:15:01 PM
2020/06/13,under 18,1,209,10/20/2020 02:15:01 PM
2020/06/14,under 18,1,210,10/20/2020 02:15:01 PM
2020/06/15,under 18,10,220,10/20/2020 02:15:01 PM
2020/06/16,under 18,10,230,10/20/2020 02:15:01 PM
2020/06/17,under 18,11,241,10/20/2020 02:15:01 PM
2020/06/18,under 18,2,243,10/20/2020 02:15:01 PM
2020/06/19,under 18,5,248,10/20/2020 02:15:01 PM
2020/06/20,under 18,4,252,10/20/2020 02:15:01 PM
2020/06/21,under 18,3,255,10/20/2020 02:15:01 PM
2020/06/22,under 18,11,266,10/20/2020 02:15:01 PM
2020/06/23,under 18,16,282,10/20/2020 02:15:01 PM
2020/06/24,under 18,9,291,10/20/2020 02:15:01 PM
2020/06/25,under 18,5,296,10/20/2020 02:15:01 PM
2020/06/26,under 18,7,303,10/20/2020 02:15:01 PM
2020/06/27,under 18,6,309,10/20/2020 02:15:01 PM
2020/06/28,under 18,7,316,10/20/2020 02:15:01 PM
2020/06/29,under 18,3,319,10/20/2020 02:15:01 PM
2020/06/30,under 18,17,336,10/20/2020 02:15:01 PM
2020/07/01,under 18,13,349,10/20/2020 02:15:01 PM
2020/07/02,under 18,6,355,10/20/2020 02:15:01 PM
2020/07/03,under 18,13,368,10/20/2020 02:15:01 PM
2020/07/04,under 18,0,368,10/20/2020 02:15:01 PM
2020/07/05,under 18,5,373,10/20/2020 02:15:01 PM
2020/07/06,under 18,5,378,10/20/2020 02:15:01 PM
2020/07/07,under 18,5,383,10/20/2020 02:15:01 PM
2020/07/08,under 18,7,390,10/20/2020 02:15:01 PM
2020/07/09,under 18,11,401,10/20/2020 02:15:01 PM
2020/07/10,under 18,16,417,10/20/2020 02:15:01 PM
2020/07/11,under 18,7,424,10/20/2020 02:15:01 PM
2020/07/12,under 18,6,430,10/20/2020 02:15:01 PM
2020/07/13,under 18,25,455,10/20/2020 02:15:01 PM
2020/07/14,under 18,22,477,10/20/2020 02:15:01 PM
2020/07/15,under 18,27,504,10/20/2020 02:15:01 PM
2020/07/16,under 18,17,521,10/20/2020 02:15:01 PM
2020/07/17,under 18,21,542,10/20/2020 02:15:01 PM
2020/07/18,under 18,15,557,10/20/2020 02:15:01 PM
2020/07/19,under 18,7,564,10/20/2020 02:15:01 PM
2020/07/20,under 18,16,580,10/20/2020 02:15:01 PM
2020/07/21,under 18,18,598,10/20/2020 02:15:01 PM
2020/07/22,under 18,12,610,10/20/2020 02:15:01 PM
2020/07/23,under 18,13,623,10/20/2020 02:15:01 PM
2020/07/24,under 18,9,632,10/20/2020 02:15:01 PM
2020/07/25,under 18,13,645,10/20/2020 02:15:01 PM
2020/07/26,under 18,7,652,10/20/2020 02:15:01 PM
2020/07/27,under 18,13,665,10/20/2020 02:15:01 PM
2020/07/28,under 18,9,674,10/20/2020 02:15:01 PM
2020/07/29,under 18,13,687,10/20/2020 02:15:01 PM
2020/07/30,under 18,19,706,10/20/2020 02:15:01 PM
2020/07/31,under 18,10,716,10/20/2020 02:15:01 PM
2020/08/01,under 18,8,724,10/20/2020 02:15:01 PM
2020/08/02,under 18,13,737,10/20/2020 02:15:01 PM
2020/08/03,under 18,9,746,10/20/2020 02:15:01 PM
2020/08/04,under 18,17,763,10/20/2020 02:15:01 PM
2020/08/05,under 18,18,781,10/20/2020 02:15:01 PM
2020/08/06,under 18,13,794,10/20/2020 02:15:01 PM
2020/08/07,under 18,23,817,10/20/2020 02:15:01 PM
2020/08/08,under 18,9,826,10/20/2020 02:15:01 PM
2020/08/09,under 18,9,835,10/20/2020 02:15:01 PM
2020/08/10,under 18,15,850,10/20/2020 02:15:01 PM
2020/08/11,under 18,18,868,10/20/2020 02:15:01 PM
2020/08/12,under 18,17,885,10/20/2020 02:15:01 PM
2020/08/13,under 18,19,904,10/20/2020 02:15:01 PM
2020/08/14,under 18,15,919,10/20/2020 02:15:01 PM
2020/08/15,under 18,9,928,10/20/2020 02:15:01 PM
2020/08/16,under 18,6,934,10/20/2020 02:15:01 PM
2020/08/17,under 18,11,945,10/20/2020 02:15:01 PM
2020/08/18,under 18,9,954,10/20/2020 02:15:01 PM
2020/08/19,under 18,29,983,10/20/2020 02:15:01 PM
2020/08/20,under 18,10,993,10/20/2020 02:15:01 PM
2020/08/21,under 18,15,1008,10/20/2020 02:15:01 PM
2020/08/22,under 18,7,1015,10/20/2020 02:15:01 PM
2020/08/23,under 18,9,1024,10/20/2020 02:15:01 PM
2020/08/24,under 18,13,1037,10/20/2020 02:15:01 PM
2020/08/25,under 18,16,1053,10/20/2020 02:15:01 PM
2020/08/26,under 18,20,1073,10/20/2020 02:15:01 PM
2020/08/27,under 18,16,1089,10/20/2020 02:15:01 PM
2020/08/28,under 18,13,1102,10/20/2020 02:15:01 PM
2020/08/29,under 18,5,1107,10/20/2020 02:15:01 PM
2020/08/30,under 18,3,1110,10/20/2020 02:15:01 PM
2020/08/31,under 18,8,1118,10/20/2020 02:15:01 PM
2020/09/01,under 18,11,1129,10/20/2020 02:15:01 PM
2020/09/02,under 18,12,1141,10/20/2020 02:15:01 PM
2020/09/03,under 18,13,1154,10/20/2020 02:15:01 PM
2020/09/04,under 18,13,1167,10/20/2020 02:15:01 PM
2020/09/05,under 18,5,1172,10/20/2020 02:15:01 PM
2020/09/06,under 18,2,1174,10/20/2020 02:15:01 PM
2020/09/07,under 18,2,1176,10/20/2020 02:15:01 PM
2020/09/08,under 18,9,1185,10/20/2020 02:15:01 PM
2020/09/09,under 18,7,1192,10/20/2020 02:15:01 PM
2020/09/10,under 18,4,1196,10/20/2020 02:15:01 PM
2020/09/11,under 18,11,1207,10/20/2020 02:15:01 PM
2020/09/12,under 18,7,1214,10/20/2020 02:15:01 PM
2020/09/13,under 18,0,1214,10/20/2020 02:15:01 PM
2020/09/14,under 18,15,1229,10/20/2020 02:15:01 PM
2020/09/15,under 18,10,1239,10/20/2020 02:15:01 PM
2020/09/16,under 18,12,1251,10/20/2020 02:15:01 PM
2020/09/17,under 18,3,1254,10/20/2020 02:15:01 PM
2020/09/18,under 18,11,1265,10/20/2020 02:15:01 PM
2020/09/19,under 18,6,1271,10/20/2020 02:15:01 PM
2020/09/20,under 18,1,1272,10/20/2020 02:15:01 PM
2020/09/21,under 18,4,1276,10/20/2020 02:15:01 PM
2020/09/22,under 18,3,1279,10/20/2020 02:15:01 PM
2020/09/23,under 18,10,1289,10/20/2020 02:15:01 PM
2020/09/24,under 18,16,1305,10/20/2020 02:15:01 PM
2020/09/25,under 18,7,1312,10/20/2020 02:15:01 PM
2020/09/26,under 18,3,1315,10/20/2020 02:15:01 PM
2020/09/27,under 18,5,1320,10/20/2020 02:15:01 PM
2020/09/28,under 18,7,1327,10/20/2020 02:15:01 PM
2020/09/29,under 18,2,1329,10/20/2020 02:15:01 PM
2020/09/30,under 18,8,1337,10/20/2020 02:15:01 PM
2020/10/01,under 18,6,1343,10/20/2020 02:15:01 PM
2020/10/02,under 18,2,1345,10/20/2020 02:15:01 PM
2020/10/03,under 18,1,1346,10/20/2020 02:15:01 PM
2020/10/04,under 18,0,1346,10/20/2020 02:15:01 PM
2020/10/05,under 18,5,1351,10/20/2020 02:15:01 PM
2020/10/06,under 18,5,1356,10/20/2020 02:15:01 PM
2020/10/07,under 18,5,1361,10/20/2020 02:15:01 PM
2020/10/08,under 18,3,1364,10/20/2020 02:15:01 PM
2020/10/09,under 18,1,1365,10/20/2020 02:15:01 PM
2020/10/10,under 18,2,1367,10/20/2020 02:15:01 PM
2020/10/11,under 18,1,1368,10/20/2020 02:15:01 PM
2020/10/12,under 18,5,1373,10/20/2020 02:15:01 PM
2020/10/13,under 18,13,1386,10/20/2020 02:15:01 PM
2020/10/14,under 18,6,1392,10/20/2020 02:15:01 PM
2020/10/15,under 18,5,1397,10/20/2020 02:15:01 PM
2020/10/16,under 18,1,1398,10/20/2020 02:15:01 PM
2020/10/17,under 18,1,1399,10/20/2020 02:15:01 PM
2020/10/18,under 18,0,1399,10/20/2020 02:15:01 PM
2020/10/19,under 18,0,1399,10/20/2020 02:15:01 PM
2020/03/10,41-50,2,6,10/20/2020 02:15:01 PM
2020/03/11,41-50,2,8,10/20/2020 02:15:01 PM
2020/03/12,41-50,2,10,10/20/2020 02:15:01 PM
2020/03/13,41-50,4,14,10/20/2020 02:15:01 PM
2020/03/14,41-50,1,15,10/20/2020 02:15:01 PM
2020/03/15,41-50,0,15,10/20/2020 02:15:01 PM
2020/03/16,41-50,10,25,10/20/2020 02:15:01 PM
2020/03/17,41-50,3,28,10/20/2020 02:15:01 PM
2020/03/18,41-50,4,32,10/20/2020 02:15:01 PM
2020/03/19,41-50,4,36,10/20/2020 02:15:01 PM
2020/03/20,41-50,8,44,10/20/2020 02:15:01 PM
2020/03/21,41-50,1,45,10/20/2020 02:15:01 PM
2020/03/22,41-50,6,51,10/20/2020 02:15:01 PM
2020/03/23,41-50,4,55,10/20/2020 02:15:01 PM
2020/03/24,41-50,6,61,10/20/2020 02:15:01 PM
2020/03/25,41-50,9,70,10/20/2020 02:15:01 PM
2020/03/26,41-50,5,75,10/20/2020 02:15:01 PM
2020/03/27,41-50,9,84,10/20/2020 02:15:01 PM
2020/03/28,41-50,1,85,10/20/2020 02:15:01 PM
2020/03/29,41-50,2,87,10/20/2020 02:15:01 PM
2020/03/30,41-50,10,97,10/20/2020 02:15:01 PM
2020/03/31,41-50,12,109,10/20/2020 02:15:01 PM
2020/04/01,41-50,7,116,10/20/2020 02:15:01 PM
2020/04/02,41-50,4,120,10/20/2020 02:15:01 PM
2020/04/03,41-50,3,123,10/20/2020 02:15:01 PM
2020/04/04,41-50,5,128,10/20/2020 02:15:01 PM
2020/04/05,41-50,3,131,10/20/2020 02:15:01 PM
2020/04/06,41-50,11,142,10/20/2020 02:15:01 PM
2020/04/07,41-50,12,154,10/20/2020 02:15:01 PM
2020/04/08,41-50,15,169,10/20/2020 02:15:01 PM
2020/04/09,41-50,20,189,10/20/2020 02:15:01 PM
2020/04/10,41-50,5,194,10/20/2020 02:15:01 PM
2020/04/11,41-50,1,195,10/20/2020 02:15:01 PM
2020/04/12,41-50,0,195,10/20/2020 02:15:01 PM
2020/04/13,41-50,6,201,10/20/2020 02:15:01 PM
2020/04/14,41-50,11,212,10/20/2020 02:15:01 PM
2020/04/15,41-50,7,219,10/20/2020 02:15:01 PM
2020/04/16,41-50,5,224,10/20/2020 02:15:01 PM
2020/04/17,41-50,8,232,10/20/2020 02:15:01 PM
2020/04/18,41-50,4,236,10/20/2020 02:15:01 PM
2020/04/19,41-50,7,243,10/20/2020 02:15:01 PM
2020/04/20,41-50,8,251,10/20/2020 02:15:01 PM
2020/04/21,41-50,7,258,10/20/2020 02:15:01 PM
2020/04/22,41-50,5,263,10/20/2020 02:15:01 PM
2020/04/23,41-50,4,267,10/20/2020 02:15:01 PM
2020/04/24,41-50,3,270,10/20/2020 02:15:01 PM
2020/04/25,41-50,13,283,10/20/2020 02:15:01 PM
2020/04/26,41-50,5,288,10/20/2020 02:15:01 PM
2020/04/27,41-50,5,293,10/20/2020 02:15:01 PM
2020/04/28,41-50,10,303,10/20/2020 02:15:01 PM
2020/04/29,41-50,7,310,10/20/2020 02:15:01 PM
2020/04/30,41-50,5,315,10/20/2020 02:15:01 PM
2020/05/01,41-50,8,323,10/20/2020 02:15:01 PM
2020/05/02,41-50,4,327,10/20/2020 02:15:01 PM
2020/05/03,41-50,2,329,10/20/2020 02:15:01 PM
2020/05/04,41-50,16,345,10/20/2020 02:15:01 PM
2020/05/05,41-50,14,359,10/20/2020 02:15:01 PM
2020/05/06,41-50,7,366,10/20/2020 02:15:01 PM
2020/05/07,41-50,6,372,10/20/2020 02:15:01 PM
2020/05/08,41-50,7,379,10/20/2020 02:15:01 PM
2020/05/09,41-50,0,379,10/20/2020 02:15:01 PM
2020/05/10,41-50,1,380,10/20/2020 02:15:01 PM
2020/05/11,41-50,4,384,10/20/2020 02:15:01 PM
2020/05/12,41-50,6,390,10/20/2020 02:15:01 PM
2020/05/13,41-50,9,399,10/20/2020 02:15:01 PM
2020/05/14,41-50,4,403,10/20/2020 02:15:01 PM
2020/05/15,41-50,6,409,10/20/2020 02:15:01 PM
2020/05/16,41-50,1,410,10/20/2020 02:15:01 PM
2020/05/17,41-50,0,410,10/20/2020 02:15:01 PM
2020/05/18,41-50,6,416,10/20/2020 02:15:01 PM
2020/05/19,41-50,6,422,10/20/2020 02:15:01 PM
2020/05/20,41-50,12,434,10/20/2020 02:15:01 PM
2020/05/21,41-50,4,438,10/20/2020 02:15:01 PM
2020/05/22,41-50,5,443,10/20/2020 02:15:01 PM
2020/05/23,41-50,1,444,10/20/2020 02:15:01 PM
2020/05/24,41-50,2,446,10/20/2020 02:15:01 PM
2020/05/25,41-50,2,448,10/20/2020 02:15:01 PM
2020/05/26,41-50,5,453,10/20/2020 02:15:01 PM
2020/05/27,41-50,2,455,10/20/2020 02:15:01 PM
2020/05/28,41-50,3,458,10/20/2020 02:15:01 PM
2020/05/29,41-50,6,464,10/20/2020 02:15:01 PM
2020/05/30,41-50,3,467,10/20/2020 02:15:01 PM
2020/05/31,41-50,4,471,10/20/2020 02:15:01 PM
2020/06/01,41-50,8,479,10/20/2020 02:15:01 PM
2020/06/02,41-50,9,488,10/20/2020 02:15:01 PM
2020/06/03,41-50,2,490,10/20/2020 02:15:01 PM
2020/06/04,41-50,2,492,10/20/2020 02:15:01 PM
2020/06/05,41-50,3,495,10/20/2020 02:15:01 PM
2020/06/06,41-50,6,501,10/20/2020 02:15:01 PM
2020/06/07,41-50,5,506,10/20/2020 02:15:01 PM
2020/06/08,41-50,6,512,10/20/2020 02:15:01 PM
2020/06/09,41-50,8,520,10/20/2020 02:15:01 PM
2020/06/10,41-50,7,527,10/20/2020 02:15:01 PM
2020/06/11,41-50,4,531,10/20/2020 02:15:01 PM
2020/06/12,41-50,6,537,10/20/2020 02:15:01 PM
2020/06/13,41-50,4,541,10/20/2020 02:15:01 PM
2020/06/14,41-50,3,544,10/20/2020 02:15:01 PM
2020/06/15,41-50,5,549,10/20/2020 02:15:01 PM
2020/06/16,41-50,9,558,10/20/2020 02:15:01 PM
2020/06/17,41-50,7,565,10/20/2020 02:15:01 PM
2020/06/18,41-50,9,574,10/20/2020 02:15:01 PM
2020/06/19,41-50,6,580,10/20/2020 02:15:01 PM
2020/06/20,41-50,8,588,10/20/2020 02:15:01 PM
2020/06/21,41-50,6,594,10/20/2020 02:15:01 PM
2020/06/22,41-50,15,609,10/20/2020 02:15:01 PM
2020/06/23,41-50,15,624,10/20/2020 02:15:01 PM
2020/06/24,41-50,10,634,10/20/2020 02:15:01 PM
2020/06/25,41-50,4,638,10/20/2020 02:15:01 PM
2020/06/26,41-50,5,643,10/20/2020 02:15:01 PM
2020/06/27,41-50,4,647,10/20/2020 02:15:01 PM
2020/06/28,41-50,2,649,10/20/2020 02:15:01 PM
2020/06/29,41-50,15,664,10/20/2020 02:15:01 PM
2020/06/30,41-50,13,677,10/20/2020 02:15:01 PM
2020/07/01,41-50,8,685,10/20/2020 02:15:01 PM
2020/07/02,41-50,15,700,10/20/2020 02:15:01 PM
2020/07/03,41-50,23,723,10/20/2020 02:15:01 PM
2020/07/04,41-50,0,723,10/20/2020 02:15:01 PM
2020/07/05,41-50,8,731,10/20/2020 02:15:01 PM
2020/07/06,41-50,15,746,10/20/2020 02:15:01 PM
2020/07/07,41-50,13,759,10/20/2020 02:15:01 PM
2020/07/08,41-50,16,775,10/20/2020 02:15:01 PM
2020/07/09,41-50,9,784,10/20/2020 02:15:01 PM
2020/07/10,41-50,24,808,10/20/2020 02:15:01 PM
2020/07/11,41-50,12,820,10/20/2020 02:15:01 PM
2020/07/12,41-50,13,833,10/20/2020 02:15:01 PM
2020/07/13,41-50,19,852,10/20/2020 02:15:01 PM
2020/07/14,41-50,23,875,10/20/2020 02:15:01 PM
2020/07/15,41-50,20,895,10/20/2020 02:15:01 PM
2020/07/16,41-50,30,925,10/20/2020 02:15:01 PM
2020/07/17,41-50,21,946,10/20/2020 02:15:01 PM
2020/07/18,41-50,8,954,10/20/2020 02:15:01 PM
2020/07/19,41-50,17,971,10/20/2020 02:15:01 PM
2020/07/20,41-50,25,996,10/20/2020 02:15:01 PM
2020/07/21,41-50,21,1017,10/20/2020 02:15:01 PM
2020/07/22,41-50,21,1038,10/20/2020 02:15:01 PM
2020/07/23,41-50,22,1060,10/20/2020 02:15:01 PM
2020/07/24,41-50,26,1086,10/20/2020 02:15:01 PM
2020/07/25,41-50,12,1098,10/20/2020 02:15:01 PM
2020/07/26,41-50,6,1104,10/20/2020 02:15:01 PM
2020/07/27,41-50,13,1117,10/20/2020 02:15:01 PM
2020/07/28,41-50,17,1134,10/20/2020 02:15:01 PM
2020/07/29,41-50,23,1157,10/20/2020 02:15:01 PM
2020/07/30,41-50,24,1181,10/20/2020 02:15:01 PM
2020/07/31,41-50,19,1200,10/20/2020 02:15:01 PM
2020/08/01,41-50,8,1208,10/20/2020 02:15:01 PM
2020/08/02,41-50,3,1211,10/20/2020 02:15:01 PM
2020/08/03,41-50,12,1223,10/20/2020 02:15:01 PM
2020/08/04,41-50,13,1236,10/20/2020 02:15:01 PM
2020/08/05,41-50,21,1257,10/20/2020 02:15:01 PM
2020/08/06,41-50,16,1273,10/20/2020 02:15:01 PM
2020/08/07,41-50,27,1300,10/20/2020 02:15:01 PM
2020/08/08,41-50,13,1313,10/20/2020 02:15:01 PM
2020/08/09,41-50,8,1321,10/20/2020 02:15:01 PM
2020/08/10,41-50,11,1332,10/20/2020 02:15:01 PM
2020/08/11,41-50,19,1351,10/20/2020 02:15:01 PM
2020/08/12,41-50,20,1371,10/20/2020 02:15:01 PM
2020/08/13,41-50,22,1393,10/20/2020 02:15:01 PM
2020/08/14,41-50,20,1413,10/20/2020 02:15:01 PM
2020/08/15,41-50,8,1421,10/20/2020 02:15:01 PM
2020/08/16,41-50,4,1425,10/20/2020 02:15:01 PM
2020/08/17,41-50,12,1437,10/20/2020 02:15:01 PM
2020/08/18,41-50,13,1450,10/20/2020 02:15:01 PM
2020/08/19,41-50,10,1460,10/20/2020 02:15:01 PM
2020/08/20,41-50,16,1476,10/20/2020 02:15:01 PM
2020/08/21,41-50,7,1483,10/20/2020 02:15:01 PM
2020/08/22,41-50,6,1489,10/20/2020 02:15:01 PM
2020/08/23,41-50,5,1494,10/20/2020 02:15:01 PM
2020/08/24,41-50,13,1507,10/20/2020 02:15:01 PM
2020/08/25,41-50,11,1518,10/20/2020 02:15:01 PM
2020/08/26,41-50,8,1526,10/20/2020 02:15:01 PM
2020/08/27,41-50,15,1541,10/20/2020 02:15:01 PM
2020/08/28,41-50,6,1547,10/20/2020 02:15:01 PM
2020/08/29,41-50,7,1554,10/20/2020 02:15:01 PM
2020/08/30,41-50,1,1555,10/20/2020 02:15:01 PM
2020/08/31,41-50,14,1569,10/20/2020 02:15:01 PM
2020/09/01,41-50,11,1580,10/20/2020 02:15:01 PM
2020/09/02,41-50,11,1591,10/20/2020 02:15:01 PM
2020/09/03,41-50,14,1605,10/20/2020 02:15:01 PM
2020/09/04,41-50,10,1615,10/20/2020 02:15:01 PM
2020/09/05,41-50,2,1617,10/20/2020 02:15:01 PM
2020/09/06,41-50,2,1619,10/20/2020 02:15:01 PM
2020/09/07,41-50,4,1623,10/20/2020 02:15:01 PM
2020/09/08,41-50,13,1636,10/20/2020 02:15:01 PM
2020/09/09,41-50,12,1648,10/20/2020 02:15:01 PM
2020/09/10,41-50,9,1657,10/20/2020 02:15:01 PM
2020/09/11,41-50,14,1671,10/20/2020 02:15:01 PM
2020/09/12,41-50,1,1672,10/20/2020 02:15:01 PM
2020/09/13,41-50,3,1675,10/20/2020 02:15:01 PM
2020/09/14,41-50,14,1689,10/20/2020 02:15:01 PM
2020/09/15,41-50,12,1701,10/20/2020 02:15:01 PM
2020/09/16,41-50,15,1716,10/20/2020 02:15:01 PM
2020/09/17,41-50,11,1727,10/20/2020 02:15:01 PM
2020/09/18,41-50,11,1738,10/20/2020 02:15:01 PM
2020/09/19,41-50,6,1744,10/20/2020 02:15:01 PM
2020/09/20,41-50,3,1747,10/20/2020 02:15:01 PM
2020/09/21,41-50,9,1756,10/20/2020 02:15:01 PM
2020/09/22,41-50,5,1761,10/20/2020 02:15:01 PM
2020/09/23,41-50,13,1774,10/20/2020 02:15:01 PM
2020/09/24,41-50,11,1785,10/20/2020 02:15:01 PM
2020/09/25,41-50,13,1798,10/20/2020 02:15:01 PM
2020/09/26,41-50,5,1803,10/20/2020 02:15:01 PM
2020/09/27,41-50,4,1807,10/20/2020 02:15:01 PM
2020/09/28,41-50,8,1815,10/20/2020 02:15:01 PM
2020/09/29,41-50,6,1821,10/20/2020 02:15:01 PM
2020/09/30,41-50,2,1823,10/20/2020 02:15:01 PM
2020/10/01,41-50,3,1826,10/20/2020 02:15:01 PM
2020/10/02,41-50,4,1830,10/20/2020 02:15:01 PM
2020/10/03,41-50,2,1832,10/20/2020 02:15:01 PM
2020/10/04,41-50,3,1835,10/20/2020 02:15:01 PM
2020/10/05,41-50,3,1838,10/20/2020 02:15:01 PM
2020/10/06,41-50,3,1841,10/20/2020 02:15:01 PM
2020/10/07,41-50,5,1846,10/20/2020 02:15:01 PM
2020/10/08,41-50,9,1855,10/20/2020 02:15:01 PM
2020/10/09,41-50,6,1861,10/20/2020 02:15:01 PM
2020/10/10,41-50,2,1863,10/20/2020 02:15:01 PM
2020/10/11,41-50,3,1866,10/20/2020 02:15:01 PM
2020/10/12,41-50,4,1870,10/20/2020 02:15:01 PM
2020/10/13,41-50,4,1874,10/20/2020 02:15:01 PM
2020/10/14,41-50,7,1881,10/20/2020 02:15:01 PM
2020/10/15,41-50,5,1886,10/20/2020 02:15:01 PM
2020/10/16,41-50,6,1892,10/20/2020 02:15:01 PM
2020/10/17,41-50,3,1895,10/20/2020 02:15:01 PM
2020/10/18,41-50,1,1896,10/20/2020 02:15:01 PM
2020/10/19,41-50,0,1896,10/20/2020 02:15:01 PM
2020/03/16,61-70,4,7,10/20/2020 02:15:01 PM
2020/03/17,61-70,1,8,10/20/2020 02:15:01 PM
2020/03/18,61-70,1,9,10/20/2020 02:15:01 PM
2020/03/19,61-70,1,10,10/20/2020 02:15:01 PM
2020/03/20,61-70,6,16,10/20/2020 02:15:01 PM
2020/03/21,61-70,1,17,10/20/2020 02:15:01 PM
2020/03/22,61-70,3,20,10/20/2020 02:15:01 PM
2020/03/23,61-70,3,23,10/20/2020 02:15:01 PM
2020/03/24,61-70,4,27,10/20/2020 02:15:01 PM
2020/03/25,61-70,8,35,10/20/2020 02:15:01 PM
2020/03/26,61-70,6,41,10/20/2020 02:15:01 PM
2020/03/27,61-70,5,46,10/20/2020 02:15:01 PM
2020/03/28,61-70,3,49,10/20/2020 02:15:01 PM
2020/03/29,61-70,1,50,10/20/2020 02:15:01 PM
2020/03/30,61-70,8,58,10/20/2020 02:15:01 PM
2020/03/31,61-70,6,64,10/20/2020 02:15:01 PM
2020/04/01,61-70,4,68,10/20/2020 02:15:01 PM
2020/04/02,61-70,4,72,10/20/2020 02:15:01 PM
2020/04/03,61-70,3,75,10/20/2020 02:15:01 PM
2020/04/04,61-70,0,75,10/20/2020 02:15:01 PM
2020/04/05,61-70,4,79,10/20/2020 02:15:01 PM
2020/04/06,61-70,9,88,10/20/2020 02:15:01 PM
2020/04/07,61-70,4,92,10/20/2020 02:15:01 PM
2020/04/08,61-70,8,100,10/20/2020 02:15:01 PM
2020/04/09,61-70,11,111,10/20/2020 02:15:01 PM
2020/04/10,61-70,3,114,10/20/2020 02:15:01 PM
2020/04/11,61-70,3,117,10/20/2020 02:15:01 PM
2020/04/12,61-70,1,118,10/20/2020 02:15:01 PM
2020/04/13,61-70,6,124,10/20/2020 02:15:01 PM
2020/04/14,61-70,6,130,10/20/2020 02:15:01 PM
2020/04/15,61-70,8,138,10/20/2020 02:15:01 PM
2020/04/16,61-70,2,140,10/20/2020 02:15:01 PM
2020/04/17,61-70,3,143,10/20/2020 02:15:01 PM
2020/04/18,61-70,1,144,10/20/2020 02:15:01 PM
2020/04/19,61-70,6,150,10/20/2020 02:15:01 PM
2020/04/20,61-70,4,154,10/20/2020 02:15:01 PM
2020/04/21,61-70,3,157,10/20/2020 02:15:01 PM
2020/04/22,61-70,8,165,10/20/2020 02:15:01 PM
2020/04/23,61-70,8,173,10/20/2020 02:15:01 PM
2020/04/24,61-70,2,175,10/20/2020 02:15:01 PM
2020/04/25,61-70,3,178,10/20/2020 02:15:01 PM
2020/04/26,61-70,2,180,10/20/2020 02:15:01 PM
2020/04/27,61-70,3,183,10/20/2020 02:15:01 PM
2020/04/28,61-70,2,185,10/20/2020 02:15:01 PM
2020/04/29,61-70,7,192,10/20/2020 02:15:01 PM
2020/04/30,61-70,4,196,10/20/2020 02:15:01 PM
2020/05/01,61-70,2,198,10/20/2020 02:15:01 PM
2020/05/02,61-70,5,203,10/20/2020 02:15:01 PM
2020/05/03,61-70,0,203,10/20/2020 02:15:01 PM
2020/05/04,61-70,3,206,10/20/2020 02:15:01 PM
2020/05/05,61-70,1,207,10/20/2020 02:15:01 PM
2020/05/06,61-70,2,209,10/20/2020 02:15:01 PM
2020/05/07,61-70,1,210,10/20/2020 02:15:01 PM
2020/05/08,61-70,3,213,10/20/2020 02:15:01 PM
2020/05/09,61-70,1,214,10/20/2020 02:15:01 PM
2020/05/10,61-70,0,214,10/20/2020 02:15:01 PM
2020/05/11,61-70,1,215,10/20/2020 02:15:01 PM
2020/05/12,61-70,2,217,10/20/2020 02:15:01 PM
2020/05/13,61-70,2,219,10/20/2020 02:15:01 PM
2020/05/14,61-70,3,222,10/20/2020 02:15:01 PM
2020/05/15,61-70,3,225,10/20/2020 02:15:01 PM
2020/05/16,61-70,1,226,10/20/2020 02:15:01 PM
2020/05/17,61-70,1,227,10/20/2020 02:15:01 PM
2020/05/18,61-70,1,228,10/20/2020 02:15:01 PM
2020/05/19,61-70,0,228,10/20/2020 02:15:01 PM
2020/05/20,61-70,2,230,10/20/2020 02:15:01 PM
2020/05/21,61-70,1,231,10/20/2020 02:15:01 PM
2020/05/22,61-70,0,231,10/20/2020 02:15:01 PM
2020/05/23,61-70,2,233,10/20/2020 02:15:01 PM
2020/05/24,61-70,0,233,10/20/2020 02:15:01 PM
2020/05/25,61-70,1,234,10/20/2020 02:15:01 PM
2020/05/26,61-70,0,234,10/20/2020 02:15:01 PM
2020/05/27,61-70,1,235,10/20/2020 02:15:01 PM
2020/05/28,61-70,1,236,10/20/2020 02:15:01 PM
2020/05/29,61-70,1,237,10/20/2020 02:15:01 PM
2020/05/30,61-70,2,239,10/20/2020 02:15:01 PM
2020/05/31,61-70,3,242,10/20/2020 02:15:01 PM
2020/06/01,61-70,2,244,10/20/2020 02:15:01 PM
2020/06/02,61-70,3,247,10/20/2020 02:15:01 PM
2020/06/03,61-70,3,250,10/20/2020 02:15:01 PM
2020/06/04,61-70,3,253,10/20/2020 02:15:01 PM
2020/06/05,61-70,3,256,10/20/2020 02:15:01 PM
2020/06/06,61-70,1,257,10/20/2020 02:15:01 PM
2020/06/07,61-70,1,258,10/20/2020 02:15:01 PM
2020/06/08,61-70,2,260,10/20/2020 02:15:01 PM
2020/06/09,61-70,1,261,10/20/2020 02:15:01 PM
2020/06/10,61-70,0,261,10/20/2020 02:15:01 PM
2020/06/11,61-70,2,263,10/20/2020 02:15:01 PM
2020/06/12,61-70,5,268,10/20/2020 02:15:01 PM
2020/06/13,61-70,1,269,10/20/2020 02:15:01 PM
2020/06/14,61-70,0,269,10/20/2020 02:15:01 PM
2020/06/15,61-70,1,270,10/20/2020 02:15:01 PM
2020/06/16,61-70,3,273,10/20/2020 02:15:01 PM
2020/06/17,61-70,1,274,10/20/2020 02:15:01 PM
2020/06/18,61-70,2,276,10/20/2020 02:15:01 PM
2020/06/19,61-70,4,280,10/20/2020 02:15:01 PM
2020/06/20,61-70,1,281,10/20/2020 02:15:01 PM
2020/06/21,61-70,1,282,10/20/2020 02:15:01 PM
2020/06/22,61-70,5,287,10/20/2020 02:15:01 PM
2020/06/23,61-70,6,293,10/20/2020 02:15:01 PM
2020/06/24,61-70,3,296,10/20/2020 02:15:01 PM
2020/06/25,61-70,1,297,10/20/2020 02:15:01 PM
2020/06/26,61-70,6,303,10/20/2020 02:15:01 PM
2020/06/27,61-70,4,307,10/20/2020 02:15:01 PM
2020/06/28,61-70,2,309,10/20/2020 02:15:01 PM
2020/06/29,61-70,3,312,10/20/2020 02:15:01 PM
2020/06/30,61-70,5,317,10/20/2020 02:15:01 PM
2020/07/01,61-70,4,321,10/20/2020 02:15:01 PM
2020/07/02,61-70,3,324,10/20/2020 02:15:01 PM
2020/07/03,61-70,1,325,10/20/2020 02:15:01 PM
2020/07/04,61-70,0,325,10/20/2020 02:15:01 PM
2020/07/05,61-70,2,327,10/20/2020 02:15:01 PM
2020/07/06,61-70,6,333,10/20/2020 02:15:01 PM
2020/07/07,61-70,5,338,10/20/2020 02:15:01 PM
2020/07/08,61-70,7,345,10/20/2020 02:15:01 PM
2020/07/09,61-70,3,348,10/20/2020 02:15:01 PM
2020/07/10,61-70,9,357,10/20/2020 02:15:01 PM
2020/07/11,61-70,5,362,10/20/2020 02:15:01 PM
2020/07/12,61-70,4,366,10/20/2020 02:15:01 PM
2020/07/13,61-70,9,375,10/20/2020 02:15:01 PM
2020/07/14,61-70,11,386,10/20/2020 02:15:01 PM
2020/07/15,61-70,9,395,10/20/2020 02:15:01 PM
2020/07/16,61-70,7,402,10/20/2020 02:15:01 PM
2020/07/17,61-70,8,410,10/20/2020 02:15:01 PM
2020/07/18,61-70,4,414,10/20/2020 02:15:01 PM
2020/07/19,61-70,4,418,10/20/2020 02:15:01 PM
2020/07/20,61-70,9,427,10/20/2020 02:15:01 PM
2020/07/21,61-70,12,439,10/20/2020 02:15:01 PM
2020/07/22,61-70,8,447,10/20/2020 02:15:01 PM
2020/07/23,61-70,6,453,10/20/2020 02:15:01 PM
2020/07/24,61-70,7,460,10/20/2020 02:15:01 PM
2020/07/25,61-70,3,463,10/20/2020 02:15:01 PM
2020/07/26,61-70,3,466,10/20/2020 02:15:01 PM
2020/07/27,61-70,3,469,10/20/2020 02:15:01 PM
2020/07/28,61-70,8,477,10/20/2020 02:15:01 PM
2020/07/29,61-70,8,485,10/20/2020 02:15:01 PM
2020/07/30,61-70,11,496,10/20/2020 02:15:01 PM
2020/07/31,61-70,11,507,10/20/2020 02:15:01 PM
2020/08/01,61-70,3,510,10/20/2020 02:15:01 PM
2020/08/02,61-70,2,512,10/20/2020 02:15:01 PM
2020/08/03,61-70,10,522,10/20/2020 02:15:01 PM
2020/08/04,61-70,7,529,10/20/2020 02:15:01 PM
2020/08/05,61-70,6,535,10/20/2020 02:15:01 PM
2020/08/06,61-70,2,537,10/20/2020 02:15:01 PM
2020/08/07,61-70,7,544,10/20/2020 02:15:01 PM
2020/08/08,61-70,3,547,10/20/2020 02:15:01 PM
2020/08/09,61-70,1,548,10/20/2020 02:15:01 PM
2020/08/10,61-70,6,554,10/20/2020 02:15:01 PM
2020/08/11,61-70,3,557,10/20/2020 02:15:01 PM
2020/08/12,61-70,5,562,10/20/2020 02:15:01 PM
2020/08/13,61-70,6,568,10/20/2020 02:15:01 PM
2020/08/14,61-70,5,573,10/20/2020 02:15:01 PM
2020/08/15,61-70,5,578,10/20/2020 02:15:01 PM
2020/08/16,61-70,5,583,10/20/2020 02:15:01 PM
2020/08/17,61-70,6,589,10/20/2020 02:15:01 PM
2020/08/18,61-70,2,591,10/20/2020 02:15:01 PM
2020/08/19,61-70,3,594,10/20/2020 02:15:01 PM
2020/08/20,61-70,5,599,10/20/2020 02:15:01 PM
2020/08/21,61-70,5,604,10/20/2020 02:15:01 PM
2020/08/22,61-70,6,610,10/20/2020 02:15:01 PM
2020/08/23,61-70,2,612,10/20/2020 02:15:01 PM
2020/08/24,61-70,7,619,10/20/2020 02:15:01 PM
2020/08/25,61-70,3,622,10/20/2020 02:15:01 PM
2020/08/26,61-70,3,625,10/20/2020 02:15:01 PM
2020/08/27,61-70,4,629,10/20/2020 02:15:01 PM
2020/08/28,61-70,4,633,10/20/2020 02:15:01 PM
2020/08/29,61-70,5,638,10/20/2020 02:15:01 PM
2020/08/30,61-70,1,639,10/20/2020 02:15:01 PM
2020/08/31,61-70,6,645,10/20/2020 02:15:01 PM
2020/09/01,61-70,4,649,10/20/2020 02:15:01 PM
2020/09/02,61-70,8,657,10/20/2020 02:15:01 PM
2020/09/03,61-70,3,660,10/20/2020 02:15:01 PM
2020/09/04,61-70,6,666,10/20/2020 02:15:01 PM
2020/09/05,61-70,6,672,10/20/2020 02:15:01 PM
2020/09/06,61-70,1,673,10/20/2020 02:15:01 PM
2020/09/07,61-70,5,678,10/20/2020 02:15:01 PM
2020/09/08,61-70,4,682,10/20/2020 02:15:01 PM
2020/09/09,61-70,7,689,10/20/2020 02:15:01 PM
2020/09/10,61-70,5,694,10/20/2020 02:15:01 PM
2020/09/11,61-70,10,704,10/20/2020 02:15:01 PM
2020/09/12,61-70,5,709,10/20/2020 02:15:01 PM
2020/09/13,61-70,0,709,10/20/2020 02:15:01 PM
2020/09/14,61-70,5,714,10/20/2020 02:15:01 PM
2020/09/15,61-70,6,720,10/20/2020 02:15:01 PM
2020/09/16,61-70,9,729,10/20/2020 02:15:01 PM
2020/09/17,61-70,2,731,10/20/2020 02:15:01 PM
2020/09/18,61-70,5,736,10/20/2020 02:15:01 PM
2020/09/19,61-70,1,737,10/20/2020 02:15:01 PM
2020/09/20,61-70,2,739,10/20/2020 02:15:01 PM
2020/09/21,61-70,3,742,10/20/2020 02:15:01 PM
2020/09/22,61-70,3,745,10/20/2020 02:15:01 PM
2020/09/23,61-70,2,747,10/20/2020 02:15:01 PM
2020/09/24,61-70,2,749,10/20/2020 02:15:01 PM
2020/09/25,61-70,4,753,10/20/2020 02:15:01 PM
2020/09/26,61-70,2,755,10/20/2020 02:15:01 PM
2020/09/27,61-70,2,757,10/20/2020 02:15:01 PM
2020/09/28,61-70,3,760,10/20/2020 02:15:01 PM
2020/09/29,61-70,4,764,10/20/2020 02:15:01 PM
2020/09/30,61-70,6,770,10/20/2020 02:15:01 PM
2020/10/01,61-70,4,774,10/20/2020 02:15:01 PM
2020/10/02,61-70,2,776,10/20/2020 02:15:01 PM
2020/10/03,61-70,2,778,10/20/2020 02:15:01 PM
2020/10/04,61-70,0,778,10/20/2020 02:15:01 PM
2020/10/05,61-70,2,780,10/20/2020 02:15:01 PM
2020/10/06,61-70,3,783,10/20/2020 02:15:01 PM
2020/10/07,61-70,0,783,10/20/2020 02:15:01 PM
2020/10/08,61-70,1,784,10/20/2020 02:15:01 PM
2020/10/09,61-70,3,787,10/20/2020 02:15:01 PM
2020/10/10,61-70,0,787,10/20/2020 02:15:01 PM
2020/10/11,61-70,0,787,10/20/2020 02:15:01 PM
2020/10/12,61-70,3,790,10/20/2020 02:15:01 PM
2020/10/13,61-70,5,795,10/20/2020 02:15:01 PM
2020/10/14,61-70,2,797,10/20/2020 02:15:01 PM
2020/10/15,61-70,2,799,10/20/2020 02:15:01 PM
2020/10/16,61-70,3,802,10/20/2020 02:15:01 PM
2020/10/17,61-70,1,803,10/20/2020 02:15:01 PM
2020/10/18,61-70,0,803,10/20/2020 02:15:01 PM
2020/10/19,61-70,0,803,10/20/2020 02:15:01 PM
